city,item,course_type,flagged_color,current_color,in_city_list,confidence,richness_score,spice_level,texture
bangalore,aamras_kadhi,veg_gravy,yellow,yellow,yes,0.569,2,1,saucy
bangalore,aloo_bhindi,veg_dry,red,red,yes,0.569,2,1,dry
bangalore,aloo_bhindi_fry,veg_dry,red,red,yes,0.569,4,1,crisp
bangalore,aloo_capsicum,veg_dry,green,green,yes,0.569,2,1,dry
bangalore,aloo_dum_chicken_biryani,nonveg_main,red,red,yes,0.569,5,1,grainy
bangalore,aloo_ka_bartha,veg_dry,red,red,yes,0.569,2,1,dry
bangalore,aloo_matar_masala,veg_dry,red,red,yes,0.569,2,2,saucy
bangalore,aloo_tiranga_mirch,veg_dry,brown,brown,yes,0.569,2,2,dry
bangalore,ambur_dum_biryani,nonveg_main,red,red,yes,0.569,5,1,grainy
bangalore,andhra_kodi_koora,nonveg_main,red,red,yes,0.569,2,3,saucy
bangalore,andhra_style_chicken_dum_biryani,nonveg_main,red,red,yes,0.569,5,3,grainy
bangalore,andhra_style_mushroom_dum_biryani,rice,yellow,yellow,yes,0.569,4,2,grainy
bangalore,andhra_style_veg_biryani,rice,yellow,yellow,yes,0.569,4,2,grainy
bangalore,arbi_fry,veg_dry,yellow,yellow,yes,0.569,4,1,crisp
bangalore,bell_pepper_fried_rice,rice,brown,brown,yes,0.569,4,1,crisp
bangalore,bengali_chicken,nonveg_main,red,red,yes,0.569,3,1,saucy
bangalore,bengali_chicken_biryani,nonveg_main,red,red,yes,0.569,5,1,grainy
bangalore,bengali_chicken_masala,nonveg_main,red,red,yes,0.569,3,2,saucy
bangalore,bengali_mutter_ghooni_chaat,starter,yellow,yellow,yes,0.569,2,1,crisp
bangalore,bhaji,veg_gravy,green,green,yes,0.569,2,1,saucy
bangalore,bhindi_masala_fry,veg_dry,red,red,yes,0.569,4,2,crisp
bangalore,bhuna_chicken_masala,nonveg_main,red,red,yes,0.569,3,2,saucy
bangalore,bhuna_murgh_masala,nonveg_main,red,red,yes,0.569,3,2,saucy
bangalore,bisibele_bath,rice,brown,brown,yes,0.569,2,0,grainy
bangalore,bisibele_bath_with_khara_boondi,rice,brown,brown,yes,0.569,2,0,grainy
bangalore,black_chana_kadhi,veg_gravy,yellow,yellow,yes,0.569,2,1,saucy
bangalore,black_chana_tariwala,veg_gravy,red,red,yes,0.569,2,1,saucy
bangalore,boiled_chickpea,salad,green,green,yes,0.569,1,0,fresh
bangalore,boiled_corn,salad,green,green,yes,0.569,1,0,fresh
bangalore,boondi_ladoo,dessert,brown,brown,yes,0.569,5,0,soft
bangalore,brinji_rice,rice,brown,brown,yes,0.569,2,0,grainy
bangalore,brown_rice_kanji,healthy_rice,brown,brown,yes,0.569,2,0,grainy
bangalore,cabbage_battani_masala,veg_dry,red,red,yes,0.569,2,2,saucy
bangalore,cabbage_chana_kootu,veg_dry,red,red,yes,0.569,2,1,dry
bangalore,cabbage_foogath,veg_dry,green,green,yes,0.569,2,1,dry
bangalore,cabbage_mutter_bhaji,veg_dry,green,green,yes,0.569,2,1,dry
bangalore,cabbage_tamater_chaat_pata,veg_dry,green,green,yes,0.569,2,1,crisp
bangalore,calicut_chicken_biryani,nonveg_main,red,red,yes,0.569,5,1,grainy
bangalore,capsicum_bath,rice,brown,brown,yes,0.569,2,0,grainy
bangalore,capsicum_corn_masala,veg_gravy,red,red,yes,0.569,2,2,saucy
bangalore,capsicum_ennegayi,veg_gravy,green,green,yes,0.569,2,1,saucy
bangalore,capsicum_masala_rice,rice,red,red,yes,0.569,2,1,saucy
bangalore,capsicum_rice_bath,rice,brown,brown,yes,0.569,2,0,grainy
bangalore,celery_and_watermelon_infused_water,infused_water,red,red,yes,0.569,1,0,fresh
bangalore,chandra_kala,dessert,red,red,yes,0.569,4,0,soft
bangalore,chicken_555,nonveg_main,red,red,yes,0.569,3,1,saucy
bangalore,chicken_adraki,nonveg_main,red,red,yes,0.569,3,1,saucy
bangalore,chicken_angara,nonveg_main,red,red,yes,0.569,3,1,saucy
bangalore,chicken_bean_soup,nonveg_soup,red,red,yes,0.569,1,1,saucy
bangalore,chicken_bhuna_masala,nonveg_main,red,red,yes,0.569,3,2,saucy
bangalore,chicken_broth_soup,nonveg_soup,red,red,yes,0.569,1,1,saucy
bangalore,chicken_butter_masala,nonveg_main,red,red,yes,0.569,5,1,saucy
bangalore,chicken_cafreal,nonveg_main,red,red,yes,0.569,3,1,saucy
bangalore,chicken_donne_biryani,nonveg_main,red,red,yes,0.569,5,1,grainy
bangalore,chicken_kali_mirch,nonveg_main,red,red,yes,0.569,3,2,saucy
bangalore,chicken_lahori,nonveg_main,red,red,yes,0.569,3,1,saucy
bangalore,chicken_minestrone_soup,nonveg_soup,red,red,yes,0.569,1,1,saucy
bangalore,chicken_mulligatawny,nonveg_soup,red,red,yes,0.569,3,1,saucy
bangalore,chicken_noodles_soup,nonveg_soup,red,red,yes,0.569,1,1,saucy
bangalore,chicken_paprikash,nonveg_main,red,red,yes,0.569,3,1,saucy
bangalore,chicken_patiyala,nonveg_main,red,red,yes,0.569,3,1,saucy
bangalore,chicken_pepper_masala,nonveg_main,red,red,yes,0.569,3,2,saucy
bangalore,chicken_pho_soup,nonveg_soup,red,red,yes,0.569,1,1,saucy
bangalore,chicken_pot_pie_soup,nonveg_soup,red,red,yes,0.569,1,1,saucy
bangalore,chicken_saagwala,nonveg_main,red,red,yes,0.569,3,1,saucy
bangalore,chicken_sausage,nonveg_soup,red,red,yes,0.569,3,1,saucy
bangalore,chicken_shorba,nonveg_soup,red,red,yes,0.569,3,1,saucy
bangalore,chicken_tortilla_soup,nonveg_soup,red,red,yes,0.569,1,1,saucy
bangalore,chicken_tukpa,nonveg_soup,red,red,yes,0.569,3,1,saucy
bangalore,chicken_urathiyal,nonveg_main,red,red,yes,0.569,3,1,saucy
bangalore,chow_mein,rice,green,green,yes,0.569,2,0,saucy
bangalore,cinnamon_and_celery_detox_water,infused_water,yellow,yellow,yes,0.569,1,0,fresh
bangalore,corn_ambode,starter,green,green,yes,0.569,2,1,crisp
bangalore,corn_capsicum_fried_rice,rice,brown,brown,yes,0.569,4,0,crisp
bangalore,corn_chaat,salad,green,green,yes,0.569,1,0,crisp
bangalore,corn_cheese_tikki,starter,red,red,yes,0.569,3,1,crisp
bangalore,corn_fried_rice,rice,brown,brown,yes,0.569,4,0,crisp
bangalore,creamy_lamcha,dessert,brown,brown,yes,0.569,4,0,soft
bangalore,cucumber_and_chiya_seetd_spa_water,infused_water,green,green,yes,0.569,1,0,fresh
bangalore,cucumber_and_lemon_detox_water,infused_water,yellow,yellow,yes,0.569,1,0,fresh
bangalore,cucumber_and_lemon_water,infused_water,yellow,yellow,yes,0.569,1,0,fresh
bangalore,detox_water,welcome_drink,yellow,yellow,yes,0.569,1,0,fresh
bangalore,dhaniawala_murgh_masala,nonveg_main,red,red,yes,0.569,3,2,saucy
bangalore,dhokla_with_chutney,starter,brown,brown,yes,0.569,2,1,soft
bangalore,dijon_chicken,nonveg_main,red,red,yes,0.569,3,1,saucy
bangalore,dingri_mutter,veg_gravy,green,green,yes,0.569,2,1,saucy
bangalore,donne_style_chicken_biryani,nonveg_main,red,red,yes,0.569,5,1,grainy
bangalore,donne_vegetable_dum_biryani,rice,yellow,yellow,yes,0.569,4,0,grainy
bangalore,dosekkai_pappu,sambar,yellow,yellow,yes,0.569,2,1,saucy
bangalore,double_dum_chicken_biryani,nonveg_main,red,red,yes,0.569,5,1,grainy
bangalore,dragon_fruit_spa_water,infused_water,yellow,yellow,yes,0.569,1,0,fresh
bangalore,dum_aloo_fry,veg_dry,yellow,yellow,yes,0.569,5,1,crisp
bangalore,dum_ka_murgh,nonveg_main,red,red,yes,0.569,5,1,saucy
bangalore,fried_chicken_biryani,nonveg_main,red,red,yes,0.569,5,1,crisp
bangalore,fried_chicken_masala_biryani,nonveg_main,red,red,yes,0.569,5,2,crisp
bangalore,ginger_and_lemon_detox_water,infused_water,yellow,yellow,yes,0.569,1,0,fresh
bangalore,gobi_aloo_matar_masala,veg_gravy,red,red,yes,0.569,2,2,saucy
bangalore,gobi_aloo_mutter,veg_dry,red,red,yes,0.569,2,1,dry
bangalore,gobi_burji,veg_dry,red,red,yes,0.569,2,1,dry
bangalore,gobi_capsicum_pepper_masala,veg_dry,red,red,yes,0.569,2,2,saucy
bangalore,grape_fruit_pomegranate_infused_water,infused_water,white,white,yes,0.569,1,0,fresh
bangalore,guava_and_lemon_detox_water,infused_water,yellow,yellow,yes,0.569,1,0,fresh
bangalore,guava_and_lemon_infused_water,infused_water,yellow,yellow,yes,0.569,1,0,fresh
bangalore,gugni_chaat,starter,brown,brown,yes,0.569,2,1,crisp
bangalore,gujarat_masala_bath,rice,red,red,yes,0.569,2,1,saucy
bangalore,gujarati_amruth_pak,dessert,yellow,yellow,yes,0.569,4,0,soft
bangalore,gujarati_pakodi_kadhi,veg_gravy,yellow,yellow,yes,0.569,2,1,saucy
bangalore,haandi_chicken,nonveg_main,red,red,yes,0.569,3,1,saucy
bangalore,hederabad_dum_biryani,rice,yellow,yellow,yes,0.569,4,0,grainy
bangalore,heerekaayi_stir_fry,veg_dry,red,red,yes,0.569,2,1,crisp
bangalore,heerekai_ennegayi,veg_gravy,green,green,yes,0.569,2,1,saucy
bangalore,herbed_butter_vegetable,healthy_rice,brown,brown,yes,0.569,4,0,saucy
bangalore,herbed_millet_and_bell_pepper,healthy_rice,brown,brown,yes,0.569,1,1,saucy
bangalore,hesarubele_dalimba_kosambari,salad,green,green,yes,0.569,1,0,fresh
bangalore,horsegram_with_alugadde_huli,sambar,brown,brown,yes,0.569,2,1,saucy
bangalore,hyd_chicken_dum_biryani,nonveg_main,red,red,yes,0.569,5,1,grainy
bangalore,hyd_dum_chicken_biryani,nonveg_main,red,red,yes,0.569,5,1,grainy
bangalore,hyd_veg_biryani,rice,yellow,yellow,yes,0.569,4,0,grainy
bangalore,hyd_veg_dum_biryani,rice,yellow,yellow,yes,0.569,4,0,grainy
bangalore,hyderabad_biryani,rice,yellow,yellow,yes,0.569,4,0,grainy
bangalore,hyderabad_veg_dum_biryani,rice,yellow,yellow,yes,0.569,4,0,grainy
bangalore,hyderabadi_chicken_masala,nonveg_main,red,red,yes,0.569,3,2,saucy
bangalore,jal_jeera,welcome_drink,brown,brown,yes,0.569,1,0,saucy
bangalore,jeera_scented_rice,rice,brown,brown,yes,0.569,2,0,grainy
bangalore,jhal_muri_chaat,starter,brown,brown,yes,0.569,2,1,crisp
bangalore,kabuli_chana_chaat,salad,green,green,yes,0.569,1,0,crisp
bangalore,kachi_chicken_biryani,nonveg_main,red,red,yes,0.569,5,1,grainy
bangalore,kadale_bele_kosambari,salad,brown,brown,yes,0.569,1,0,fresh
bangalore,karivepu_chitranna,rice,brown,brown,yes,0.569,2,0,saucy
bangalore,karnataka_veg_biryani,rice,yellow,yellow,yes,0.569,4,0,grainy
bangalore,kathal_biryani,rice,yellow,yellow,yes,0.569,4,0,grainy
bangalore,kodi_guddu_masala,nonveg_main,red,red,yes,0.569,2,2,saucy
bangalore,kolkata_aloo_biryani,rice,yellow,yellow,yes,0.569,4,0,grainy
bangalore,kothmiri_bhat,rice,brown,brown,yes,0.569,2,0,saucy
bangalore,kozhi_varutharacha_kuzhambu,nonveg_main,red,red,yes,0.569,2,1,saucy
bangalore,kozhikod_chicken_biryani,nonveg_main,red,red,yes,0.569,5,1,grainy
bangalore,kundapura_chicken,nonveg_main,red,red,yes,0.569,3,1,saucy
bangalore,laal_murgh,nonveg_main,red,red,yes,0.569,3,3,saucy
bangalore,lasooni_murgh,nonveg_main,yellow,yellow,yes,0.569,3,1,saucy
bangalore,lauki_do_pyaza,veg_dry,red,red,yes,0.569,2,1,dry
bangalore,lauki_kabuli_chana_subji,veg_dry,green,green,yes,0.569,2,1,dry
bangalore,lauki_kadhi_pakodi,veg_gravy,yellow,yellow,yes,0.569,2,1,saucy
bangalore,lauki_pakodi_kadhi,veg_gravy,yellow,yellow,yes,0.569,2,1,saucy
bangalore,lauki_soup,soup,brown,brown,yes,0.569,1,0,saucy
bangalore,layer_chicken_dum_biryani,nonveg_main,red,red,yes,0.569,5,1,grainy
bangalore,lemon_and_celery_detox_water,infused_water,yellow,yellow,yes,0.569,1,0,fresh
bangalore,lemon_and_cloves_detox_water,infused_water,yellow,yellow,yes,0.569,1,0,fresh
bangalore,lemon_cilantro_rice,rice,yellow,yellow,yes,0.569,2,0,grainy
bangalore,lemon_cucumber_water,infused_water,yellow,yellow,yes,0.569,1,0,fresh
bangalore,lemon_ginger_zing,infused_water,yellow,yellow,yes,0.569,1,0,saucy
bangalore,lemon_rice_with_chuteny,rice,yellow,yellow,yes,0.569,2,0,grainy
bangalore,lobiya_capsicum_masala,veg_gravy,red,red,yes,0.569,2,2,saucy
bangalore,lychee_lime_cooler,welcome_drink,red,red,yes,0.569,1,0,saucy
bangalore,madras_chicken,nonveg_main,red,red,yes,0.569,3,1,saucy
bangalore,malai_sandwich,dessert,green,green,yes,0.569,5,0,soft
bangalore,malaysian_fried_rice,rice,brown,brown,yes,0.569,4,0,crisp
bangalore,masala_lemon_soda,welcome_drink,yellow,yellow,yes,0.569,1,0,saucy
bangalore,masala_millet,healthy_rice,red,red,yes,0.569,1,1,saucy
bangalore,masaledar_rice,rice,brown,brown,yes,0.569,2,0,grainy
bangalore,matar_chale_masala,veg_gravy,red,red,yes,0.569,2,2,saucy
bangalore,mehgna_style_chicken_biryani,nonveg_main,red,red,yes,0.569,5,1,grainy
bangalore,mix_sprout_chaat,starter,green,green,yes,0.569,1,1,crisp
bangalore,mix_veg_do_pyaza,veg_dry,red,red,yes,0.569,2,1,dry
bangalore,mix_veg_dum_biryani,rice,yellow,yellow,yes,0.569,4,0,grainy
bangalore,mix_veg_fried_rice,rice,brown,brown,yes,0.569,4,0,crisp
bangalore,mix_veg_in_dark_soya,veg_gravy,red,red,yes,0.569,2,1,saucy
bangalore,mix_veg_onion_pokoda,starter,brown,brown,yes,0.569,2,1,crisp
bangalore,mongolian_chicken,nonveg_main,red,red,yes,0.569,3,1,saucy
bangalore,motichoor_ladoo,dessert,brown,brown,yes,0.569,5,0,soft
bangalore,motichur_ladoo,dessert,brown,brown,yes,0.569,5,0,soft
bangalore,mughalai_chicken_masala,nonveg_main,red,red,yes,0.569,3,2,saucy
bangalore,mulagatwani_soup,soup,brown,brown,yes,0.569,1,0,saucy
bangalore,mulligatawny_chicken_soup,nonveg_soup,red,red,yes,0.569,1,1,saucy
bangalore,muradabadi_chicken_biryani,nonveg_main,red,red,yes,0.569,5,1,grainy
bangalore,murgh_badami_shorba,nonveg_soup,red,red,yes,0.569,2,1,saucy
bangalore,murgh_dum_biryani,nonveg_main,red,red,yes,0.569,5,1,grainy
bangalore,murgh_lalmaas,nonveg_main,red,red,yes,0.569,3,1,saucy
bangalore,murgh_lazzez,nonveg_main,red,red,yes,0.569,3,1,saucy
bangalore,murgh_patiala,nonveg_main,red,red,yes,0.569,3,1,saucy
bangalore,murgh_saagwala,nonveg_main,red,red,yes,0.569,3,1,saucy
bangalore,murgh_shahjahani,nonveg_main,red,red,yes,0.569,3,1,saucy
bangalore,mushmelon_cooler,welcome_drink,green,green,yes,0.569,1,0,saucy
bangalore,mushroom_capsicum_pepper_fry,veg_dry,brown,brown,yes,0.569,4,2,crisp
bangalore,mushroom_dum_biryani,rice,yellow,yellow,yes,0.569,4,0,grainy
bangalore,mushroom_kali_mirch,veg_gravy,red,red,yes,0.569,2,2,saucy
bangalore,mushroom_kali_mirch_masala,veg_gravy,red,red,yes,0.569,2,2,saucy
bangalore,nei_paruppu,dal,brown,brown,yes,0.569,2,1,saucy
bangalore,nippat_chaat,starter,brown,brown,yes,0.569,2,1,crisp
bangalore,padvalkayi_chana_kootu,veg_dry,red,red,yes,0.569,2,1,dry
bangalore,panchmel_sabz_sukhi,veg_dry,yellow,yellow,yes,0.569,2,1,dry
bangalore,panner_do_pyaza,veg_gravy,red,red,yes,0.569,2,1,saucy
bangalore,parsley_potato,healthy_rice,green,green,yes,0.569,2,0,saucy
bangalore,parwal_do_pyaza,veg_dry,red,red,yes,0.569,2,1,dry
bangalore,parwal_masala,veg_dry,red,red,yes,0.569,2,2,saucy
bangalore,pasta_arrabiata,rice,red,red,yes,0.569,2,0,grainy
bangalore,pepper_chicken,nonveg_main,red,red,yes,0.569,3,2,saucy
bangalore,pepper_chicken_fry,nonveg_main,red,red,yes,0.569,5,2,crisp
bangalore,peshwari_chicken_biryani,nonveg_main,red,red,yes,0.569,5,1,grainy
bangalore,poondu_kuzhambu,sambar,red,red,yes,0.569,2,1,saucy
bangalore,poondu_pui_kuzhambu,sambar,red,red,yes,0.569,2,1,saucy
bangalore,poonmdu_kuzhambu,sambar,red,red,yes,0.569,2,1,saucy
bangalore,potato_cauliflower_milagupirati,veg_dry,red,red,yes,0.569,2,1,dry
bangalore,punjabi_murgh_masala,nonveg_main,red,red,yes,0.569,3,2,saucy
bangalore,punjabi_mushroom_masala,veg_gravy,red,red,yes,0.569,2,2,saucy
bangalore,punjabi_pakodi_kadhi,veg_gravy,yellow,yellow,yes,0.569,2,1,saucy
bangalore,punjabi_pindi_chole,veg_gravy,red,red,yes,0.569,2,1,saucy
bangalore,purani_dilli_ka_butter_chicken,nonveg_main,red,red,yes,0.569,5,0,saucy
bangalore,ragada_patties_chaat,starter,brown,brown,yes,0.569,2,1,crisp
bangalore,rajput_chicken_biryani,nonveg_main,red,red,yes,0.569,5,1,grainy
bangalore,rara_murgh,nonveg_main,red,red,yes,0.569,3,1,saucy
bangalore,red_pasta,starter,brown,brown,yes,0.569,2,1,grainy
bangalore,red_rice_khanji,healthy_rice,brown,brown,yes,0.569,2,0,grainy
bangalore,red_rice_pilaf,rice,brown,brown,yes,0.569,2,0,grainy
bangalore,ridge_gourd_stir_fry,veg_dry,yellow,yellow,yes,0.569,2,1,crisp
bangalore,roasted_potato,healthy_rice,brown,brown,yes,0.569,2,0,saucy
bangalore,roasted_potato_soup,soup,brown,brown,yes,0.569,1,0,saucy
bangalore,sesame_dragon_chicken,nonveg_main,red,red,yes,0.569,3,1,saucy
bangalore,singaporean_veg_fried_rice,rice,brown,brown,yes,0.569,4,0,crisp
bangalore,sorekayi_kadale_bele_kootu,veg_dry,brown,brown,yes,0.569,2,1,dry
bangalore,soya_brinji,rice,red,red,yes,0.569,2,0,saucy
bangalore,soya_burji,veg_dry,red,red,yes,0.569,2,1,dry
bangalore,soya_capsicum_masala_masala,veg_dry,red,red,yes,0.569,2,2,saucy
bangalore,soya_dum_biryani,rice,red,red,yes,0.569,4,0,grainy
bangalore,soya_kheema_masala,veg_gravy,red,red,yes,0.569,2,2,saucy
bangalore,soya_stir_fry,healthy_rice,red,red,yes,0.569,2,0,crisp
bangalore,stir_fried_soya,healthy_rice,red,red,yes,0.569,2,0,crisp
bangalore,stuffed_capsicum,starter,brown,brown,yes,0.569,2,1,crisp
bangalore,stuffed_parwal_do_pyaza,veg_dry,red,red,yes,0.569,2,1,dry
bangalore,subz_makhanwal,veg_gravy,red,red,yes,0.569,2,1,saucy
bangalore,sundekkai_kuzhambu,dal,red,red,yes,0.569,2,1,saucy
bangalore,sweet_corn_and_pepper_soup,soup,brown,brown,yes,0.569,1,0,saucy
bangalore,sweet_corn_chicken_soup,nonveg_soup,red,red,yes,0.569,1,0,saucy
bangalore,sweet_corn_veg_soup,soup,brown,brown,yes,0.569,1,0,saucy
bangalore,tariwala_kukkad_murgh,nonveg_main,red,red,yes,0.569,3,1,saucy
bangalore,tariwala_murgh_masala,nonveg_main,red,red,yes,0.569,3,2,saucy
bangalore,thai_chicken_and_noodle_soup,nonveg_soup,red,red,yes,0.569,1,1,saucy
bangalore,thai_fried_rice,rice,brown,brown,yes,0.569,4,0,crisp
bangalore,thai_noodle_soup,soup,brown,brown,yes,0.569,1,0,saucy
bangalore,thai_veg_soup,soup,brown,brown,yes,0.569,1,0,saucy
bangalore,tikki_puri,starter,red,red,yes,0.569,4,1,crisp
bangalore,tofu_and_vegetable_stir_fry,healthy_rice,brown,brown,yes,0.569,2,0,crisp
bangalore,tom_yom_veg_soup,soup,brown,brown,yes,0.569,1,0,saucy
bangalore,vaniyambadi_chicken_biryani,nonveg_main,red,red,yes,0.569,5,1,grainy
bangalore,veg_ambur_biryani,rice,yellow,yellow,yes,0.569,4,0,grainy
bangalore,veg_and_oats_soup,soup,brown,brown,yes,0.569,1,0,saucy
bangalore,veg_donne_biryani,rice,yellow,yellow,yes,0.569,4,0,grainy
bangalore,veg_hyd_biryani,rice,yellow,yellow,yes,0.569,4,0,grainy
bangalore,veg_hyderabadi_biryani,rice,yellow,yellow,yes,0.569,4,0,grainy
bangalore,veg_mughlai_biryani,rice,yellow,yellow,yes,0.569,4,0,grainy
bangalore,veg_noodle_soup,soup,brown,brown,yes,0.569,1,0,saucy
bangalore,veg_patiala,veg_gravy,red,red,yes,0.569,2,1,saucy
bangalore,veg_tikki,starter,red,red,yes,0.569,2,1,crisp
bangalore,veg_tikki_puri,starter,red,red,yes,0.569,4,1,crisp
bangalore,vegetable_morney,healthy_rice,brown,brown,yes,0.569,2,0,saucy
bangalore,vendekai_khara_kuzhambu,sambar,red,red,yes,0.569,2,1,saucy
bangalore,watermelon_ginger_detox_water,infused_water,red,red,yes,0.569,1,0,fresh
bangalore,watermelon_kiwi_lime_infused_water,infused_water,red,red,yes,0.569,1,0,fresh
bangalore,yam_alsande_kootu,veg_dry,red,red,yes,0.569,2,1,dry
chennai,bread_biryani,rice,yellow,yellow,yes,0.569,4,0,grainy
chennai,soyabean_biryani,rice,yellow,yellow,yes,0.569,4,0,grainy
chennai,tri_color_idli,bread,brown,brown,yes,0.569,1,0,soft
ncr,adraki_gobi,veg_gravy,yellow,yellow,yes,0.569,2,1,saucy
ncr,ajjwaini_rice,rice,brown,brown,yes,0.569,2,0,grainy
ncr,ajwaini_arbi,veg_gravy,red,red,yes,0.569,2,1,saucy
ncr,ajwaini_arbi_masala,veg_dry,red,red,yes,0.569,2,2,saucy
ncr,aloo_dum_bhojpuri,veg_gravy,green,green,yes,0.569,4,1,saucy
ncr,aloo_kolahpuri,veg_gravy,green,green,yes,0.569,2,1,saucy
ncr,arbi_ajwaini,veg_gravy,red,red,yes,0.569,2,1,saucy
ncr,arbi_ajwani,veg_gravy,red,red,yes,0.569,2,1,saucy
ncr,arbi_aloo_masala,veg_gravy,red,red,yes,0.569,2,2,saucy
ncr,arbi_do_pyaza,veg_dry,red,red,yes,0.569,2,1,dry
ncr,atta_ladoo,dessert,brown,brown,yes,0.569,5,0,soft
ncr,awadhi_chicken_masala,nonveg_main,red,red,yes,0.569,3,2,saucy
ncr,bagare_baingan,veg_gravy,red,red,yes,0.569,2,1,saucy
ncr,baigian_bharta_matar,veg_gravy,red,red,yes,0.569,2,1,saucy
ncr,baingan_aloo,veg_gravy,red,red,yes,0.569,2,1,saucy
ncr,baingan_masala_chatpatta,veg_dry,red,red,yes,0.569,2,2,saucy
ncr,banarsi_dum_aloo,veg_gravy,red,red,yes,0.569,4,1,saucy
ncr,barfi,dessert,yellow,yellow,yes,0.569,5,0,soft
ncr,bhaji,veg_dry,green,green,yes,0.569,2,1,dry
ncr,bharwa_simla_mirch,veg_dry,red,red,yes,0.569,2,2,dry
ncr,bhindi,veg_gravy,green,green,yes,0.569,2,1,saucy
ncr,bhindi_pyaaz_masala,veg_dry,red,red,yes,0.569,2,2,saucy
ncr,bhuna_aloo_jeera,veg_dry,brown,brown,yes,0.569,2,2,dry
ncr,bhuna_chicken_masala_in_gujrati_style_chicken_rasawala,nonveg_main,red,red,yes,0.569,3,2,saucy
ncr,bikaneri_barfi,dessert,yellow,yellow,yes,0.569,5,0,soft
ncr,bikanri_barfi,dessert,yellow,yellow,yes,0.569,5,0,soft
ncr,black_chana,veg_gravy,red,red,yes,0.569,2,1,saucy
ncr,black_cholay,veg_gravy,red,red,yes,0.569,2,1,saucy
ncr,black_chum_chum,veg_gravy,red,red,yes,0.569,2,1,saucy
ncr,boiled_rajma,veg_gravy,red,red,yes,0.569,1,0,saucy
ncr,boondi_ladoo,dessert,brown,brown,yes,0.569,5,0,soft
ncr,bottlegourd_masala,veg_gravy,red,red,yes,0.569,2,2,saucy
ncr,brown_bread_veg_cole_slaw_sandwich,salad,white,white,yes,0.569,1,0,fresh
ncr,cabbage_matar_peas,veg_gravy,green,green,yes,0.569,2,1,saucy
ncr,capsicum_corn,veg_gravy,green,green,yes,0.569,2,1,saucy
ncr,caramelised_onion_potato,veg_gravy,brown,brown,yes,0.569,2,1,saucy
ncr,chana,veg_gravy,green,green,yes,0.569,2,1,saucy
ncr,chana_flaxseed_barfi,dessert,yellow,yellow,yes,0.569,5,0,soft
ncr,chatapate_jeera_aloo,veg_dry,brown,brown,yes,0.569,2,1,dry
ncr,chaulai_ke_ladoo,dessert,brown,brown,yes,0.569,5,0,soft
ncr,chicken_adraki_masala,nonveg_main,red,red,yes,0.569,3,2,saucy
ncr,chicken_afgani_masala,nonveg_main,red,red,yes,0.569,3,2,saucy
ncr,chicken_beliram,nonveg_main,red,red,yes,0.569,3,1,saucy
ncr,chicken_bhuna,nonveg_main,red,red,yes,0.569,3,2,saucy
ncr,chicken_butter_masala,nonveg_main,red,red,yes,0.569,5,1,saucy
ncr,chicken_chattinad,nonveg_main,red,red,yes,0.569,3,1,saucy
ncr,chicken_chettiand,nonveg_main,red,red,yes,0.569,3,1,saucy
ncr,chicken_chettined,nonveg_main,red,red,yes,0.569,3,1,saucy
ncr,chicken_fried_rice,nonveg_main,red,red,yes,0.569,5,1,crisp
ncr,chicken_home_st,nonveg_main,red,red,yes,0.569,3,1,saucy
ncr,chicken_kali_mirch,nonveg_main,red,red,yes,0.569,3,2,saucy
ncr,chicken_kalimirch,nonveg_main,red,red,yes,0.569,3,1,saucy
ncr,chicken_khusrang,nonveg_main,red,red,yes,0.569,3,1,saucy
ncr,chicken_makhni,nonveg_main,red,red,yes,0.569,3,1,saucy
ncr,chicken_malai_tikka,nonveg_main,red,red,yes,0.569,5,1,saucy
ncr,chicken_masala_home_styal,nonveg_main,red,red,yes,0.569,3,2,saucy
ncr,chicken_rara,nonveg_main,red,red,yes,0.569,3,1,saucy
ncr,chicken_roganjosh,nonveg_main,red,red,yes,0.569,3,1,saucy
ncr,chicken_sheek_taka_tak,nonveg_main,red,red,yes,0.569,3,1,saucy
ncr,chicken_tariwala,nonveg_main,red,red,yes,0.569,3,1,saucy
ncr,chilly_chicken,nonveg_main,red,red,yes,0.569,3,1,saucy
ncr,cholayi_ke_laddu,dessert,brown,brown,yes,0.569,4,0,soft
ncr,corn_capcicum_mutter,veg_gravy,green,green,yes,0.569,2,1,saucy
ncr,corn_chaat,salad,green,green,yes,0.569,1,0,crisp
ncr,corn_on_the_cob,salad,green,green,yes,0.569,1,0,fresh
ncr,corn_on_the_cobe,salad,green,green,yes,0.569,1,0,fresh
ncr,corn_relish,salad,green,green,yes,0.569,1,0,fresh
ncr,cucumber_detox_water,veg_gravy,yellow,yellow,yes,0.569,1,1,fresh
ncr,cucumber_soup,soup,brown,brown,yes,0.569,1,0,saucy
ncr,double_ka_mitha,veg_gravy,brown,brown,yes,0.569,2,1,saucy
ncr,fried_aloo_gobi,veg_dry,red,red,yes,0.569,4,1,crisp
ncr,fried_arbi_do_pyaza,veg_dry,red,red,yes,0.569,4,1,crisp
ncr,fried_gobi_matar,veg_dry,red,red,yes,0.569,4,1,crisp
ncr,fried_idli,bread,brown,brown,yes,0.569,2,0,crisp
ncr,fried_jeera_aloo,veg_dry,brown,brown,yes,0.569,4,1,crisp
ncr,fruit_muffin,dessert,brown,brown,yes,0.569,4,0,fresh
ncr,fry_adraki_gobi_masala,veg_dry,red,red,yes,0.569,4,2,crisp
ncr,fry_arbi_masala,veg_dry,red,red,yes,0.569,4,2,crisp
ncr,ghiya_chana,veg_gravy,green,green,yes,0.569,2,1,saucy
ncr,ghiya_chana_coot,veg_dry,green,green,yes,0.569,2,1,dry
ncr,ghiya_chana_masala,veg_gravy,red,red,yes,0.569,2,2,saucy
ncr,ghiya_masala,veg_gravy,red,red,yes,0.569,2,2,saucy
ncr,ghiya_masala_chatpatta,veg_dry,red,red,yes,0.569,2,2,saucy
ncr,ghiya_soya,veg_gravy,red,red,yes,0.569,2,1,saucy
ncr,ghiya_vadi_rasmissi,veg_gravy,red,red,yes,0.569,2,1,saucy
ncr,gobi_aloo_masala,rice,red,red,yes,0.569,2,1,saucy
ncr,gobi_matar,veg_dry,red,red,yes,0.569,2,1,dry
ncr,gobi_matar_adraki,veg_dry,yellow,yellow,yes,0.569,2,1,dry
ncr,gur_k_laddu,dessert,brown,brown,yes,0.569,4,0,soft
ncr,hyderabadi_chicken_masala,nonveg_main,red,red,yes,0.569,3,2,saucy
ncr,jaipuri_bhindi_masala,veg_dry,red,red,yes,0.569,2,2,saucy
ncr,jal_jeera,veg_gravy,brown,brown,yes,0.569,2,1,saucy
ncr,jangli_chicken_masala,nonveg_main,red,red,yes,0.569,3,2,saucy
ncr,jeera_lauki,veg_dry,brown,brown,yes,0.569,2,1,dry
ncr,jeera_potato,veg_gravy,brown,brown,yes,0.569,2,1,saucy
ncr,jodhpuri_aloo,veg_dry,green,green,yes,0.569,2,1,dry
ncr,jodhpuri_ladoo,dessert,brown,brown,yes,0.569,5,0,soft
ncr,jungali_chicken,nonveg_main,red,red,yes,0.569,3,1,saucy
ncr,kabuli_chana_chaat,salad,green,green,yes,0.569,1,0,crisp
ncr,kala_chana_mix_sprout,salad,red,red,yes,0.569,1,0,fresh
ncr,kala_chana_rasedar,veg_gravy,red,red,yes,0.569,2,1,saucy
ncr,kala_chana_rasmisa,veg_gravy,red,red,yes,0.569,2,1,saucy
ncr,kathal_biryani,rice,yellow,yellow,yes,0.569,4,0,grainy
ncr,kathal_do_pyaza,veg_dry,red,red,yes,0.569,2,1,dry
ncr,kathal_fry,veg_gravy,yellow,yellow,yes,0.569,4,1,crisp
ncr,kathal_masala,veg_dry,red,red,yes,0.569,2,2,saucy
ncr,kerla_chicken,nonveg_main,red,red,yes,0.569,3,1,saucy
ncr,khathal_masala,veg_dry,red,red,yes,0.569,2,2,saucy
ncr,khoya_barfi,dessert,yellow,yellow,yes,0.569,5,0,soft
ncr,kolkatta_chicken_rezela,nonveg_main,red,red,yes,0.569,3,1,saucy
ncr,kumbh_matar_masala,veg_gravy,red,red,yes,0.569,2,2,saucy
ncr,laccha_onion,veg_gravy,brown,brown,yes,0.569,2,1,saucy
ncr,lachha_onion,salad,brown,brown,yes,0.569,1,0,fresh
ncr,ladoo,dessert,brown,brown,yes,0.569,5,0,soft
ncr,lauki_jeera,veg_dry,brown,brown,yes,0.569,2,1,dry
ncr,lauki_ki_subz,veg_gravy,red,red,yes,0.569,2,1,saucy
ncr,lemon_pennut_rice,rice,yellow,yellow,yes,0.569,2,0,grainy
ncr,lemon_water,veg_gravy,yellow,yellow,yes,0.569,1,1,fresh
ncr,lemonade_water,veg_gravy,white,white,yes,0.569,1,1,fresh
ncr,madrasi_curried_vegetables,veg_gravy,brown,brown,yes,0.569,2,1,saucy
ncr,makhni_subz,veg_gravy,red,red,yes,0.569,2,1,saucy
ncr,mangodi,veg_gravy,yellow,yellow,yes,0.569,2,1,saucy
ncr,mangodi_aloo,veg_gravy,yellow,yellow,yes,0.569,2,1,saucy
ncr,masala_chaanch,veg_gravy,red,red,yes,0.569,2,2,saucy
ncr,massor_pak,dessert,orange,orange,yes,0.569,4,0,soft
ncr,matar_mashroom,veg_gravy,red,red,yes,0.569,2,1,saucy
ncr,matar_mushroom,veg_gravy,brown,brown,yes,0.569,2,1,saucy
ncr,matar_rice,rice,brown,brown,yes,0.569,2,0,grainy
ncr,mirch_ka_achaar,veg_gravy,red,red,yes,0.569,2,2,saucy
ncr,mooti_choor_laddu,dessert,brown,brown,yes,0.569,4,0,soft
ncr,motichoor_ladoo,dessert,brown,brown,yes,0.569,5,0,soft
ncr,motichur_ladoo,dessert,brown,brown,yes,0.569,5,0,soft
ncr,multi_grain_laddu,dessert,brown,brown,yes,0.569,4,0,soft
ncr,mutter_mushroom,veg_gravy,brown,brown,yes,0.569,2,1,saucy
ncr,neutrela_rice,rice,brown,brown,yes,0.569,2,0,grainy
ncr,nutrella_matar,veg_dry,red,red,yes,0.569,2,1,dry
ncr,nutri_capsicum,veg_gravy,brown,brown,yes,0.569,2,1,saucy
ncr,nutri_corn_masala,veg_gravy,red,red,yes,0.569,2,2,saucy
ncr,nutri_masala,veg_dry,red,red,yes,0.569,2,2,saucy
ncr,nutri_matar_masala,veg_dry,red,red,yes,0.569,2,2,saucy
ncr,onion_saute_rice,rice,brown,brown,yes,0.569,2,0,grainy
ncr,panchporan_aloo,veg_dry,red,red,yes,0.569,2,1,dry
ncr,pasta,salad,red,red,yes,0.569,1,0,grainy
ncr,patiala_chicken,nonveg_main,red,red,yes,0.569,3,1,saucy
ncr,peanuts_chikki,veg_gravy,green,green,yes,0.569,2,1,crisp
ncr,pindi_chole_lipatwan,veg_gravy,red,red,yes,0.569,2,1,saucy
ncr,punjabi_baingan_bharta,veg_gravy,red,red,yes,0.569,2,1,saucy
ncr,punjabi_bharta,veg_gravy,red,red,yes,0.569,2,1,saucy
ncr,punjabi_chole_white,veg_gravy,red,red,yes,0.569,2,0,saucy
ncr,rahra_chicken,nonveg_main,red,red,yes,0.569,3,1,saucy
ncr,rajasthai_laddu,dessert,brown,brown,yes,0.569,4,0,soft
ncr,rajasthani_boondi_laddo,veg_gravy,yellow,yellow,yes,0.569,2,1,saucy
ncr,rajma_rasile,veg_gravy,red,red,yes,0.569,2,1,saucy
ncr,rajma_rasmisa,veg_gravy,red,red,yes,0.569,2,1,saucy
ncr,rara_chicken_masala,nonveg_main,red,red,yes,0.569,3,2,saucy
ncr,roasted_aloo_bhajiya,veg_dry,brown,brown,yes,0.569,2,1,dry
ncr,roasted_chicken,nonveg_main,red,red,yes,0.569,3,1,saucy
ncr,roasted_gobi_matar_masala,veg_dry,red,red,yes,0.569,2,2,saucy
ncr,rogni_chicken,nonveg_main,red,red,yes,0.569,3,1,saucy
ncr,roohafza_water,veg_gravy,yellow,yellow,yes,0.569,1,1,fresh
ncr,samak_jeera_rice,rice,brown,brown,yes,0.569,2,0,grainy
ncr,samak_rice,rice,brown,brown,yes,0.569,2,0,grainy
ncr,samak_rice_khichri,rice,brown,brown,yes,0.569,2,0,grainy
ncr,samak_rice_kitchdi,rice,brown,brown,yes,0.569,2,0,grainy
ncr,shegdana_chutney,veg_gravy,red,red,yes,0.569,2,1,saucy
ncr,soyabean_masala,veg_gravy,red,red,yes,0.569,2,2,saucy
ncr,soyawadi_rice,rice,brown,brown,yes,0.569,2,0,grainy
ncr,steam_rice_onion_rice,rice,brown,brown,yes,0.569,1,0,grainy
ncr,street_style_noodles,veg_gravy,yellow,yellow,yes,0.569,2,1,saucy
ncr,subz_ki_thari,rice,red,red,yes,0.569,2,0,saucy
ncr,sukhe_matar_aloo,veg_gravy,red,red,yes,0.569,2,1,saucy
ncr,sweet_laddoo,dessert,yellow,yellow,yes,0.569,5,0,soft
ncr,sweetlime_water,veg_gravy,yellow,yellow,yes,0.569,1,1,fresh
ncr,tamatari_aloo,veg_gravy,red,red,yes,0.569,2,1,saucy
ncr,tamatari_lauki,veg_gravy,red,red,yes,0.569,2,1,saucy
ncr,tamatri_aloo,veg_gravy,red,red,yes,0.569,2,1,saucy
ncr,tamatri_aloo_bhaji,veg_gravy,green,green,yes,0.569,2,1,saucy
ncr,tamatri_lauki,veg_gravy,red,red,yes,0.569,2,1,saucy
ncr,tariwala_aloo,veg_gravy,red,red,yes,0.569,2,1,saucy
ncr,tejpatta_rice,rice,brown,brown,yes,0.569,2,0,grainy
ncr,tinda_masala,veg_dry,red,red,yes,0.569,2,2,saucy
ncr,tiranga_rice,rice,brown,brown,yes,0.569,2,0,grainy
ncr,tori_masala,veg_dry,red,red,yes,0.569,2,2,saucy
ncr,turmeric_rice,rice,brown,brown,yes,0.569,2,0,grainy
ncr,veg_bhaji,veg_gravy,green,green,yes,0.569,2,1,saucy
ncr,veg_noodle_soup,soup,brown,brown,yes,0.569,1,0,saucy
ncr,vegetable,veg_gravy,brown,brown,yes,0.569,2,1,saucy
ncr,vegetable_pasta,veg_gravy,brown,brown,yes,0.569,2,1,grainy
ncr,water_melon,veg_gravy,yellow,yellow,yes,0.569,1,1,fresh
ncr,watermelon,veg_gravy,red,red,yes,0.569,2,1,saucy
pune,aloo_muttar_rassa,veg_gravy,red,red,yes,0.569,2,1,saucy
pune,birista_rice,rice,brown,brown,yes,0.569,2,0,grainy
pune,cabbage_pachdi_chutney,chutney,red,red,yes,0.569,1,1,saucy
pune,dhokla_chaat,starter,brown,brown,yes,0.569,2,1,crisp
pune,dodka_masala,veg_dry,red,red,yes,0.569,2,2,saucy
pune,jawas_chutney,chutney,red,red,yes,0.569,1,1,saucy
pune,karala_chutney,chutney,red,red,yes,0.569,1,1,saucy
pune,matki_masala,veg_dry,red,red,yes,0.569,2,2,saucy
pune,motichoor_ladoo,dessert,brown,brown,yes,0.569,5,0,soft
pune,mutter_cauliflower_rassa,veg_gravy,red,red,yes,0.569,2,1,saucy
pune,ola_khobra_chutney,chutney,white,white,yes,0.569,2,0,saucy
pune,ragada_patties_chaat,starter,brown,brown,yes,0.569,2,1,crisp
pune,soya_kheema,veg_dry,red,red,yes,0.569,2,1,dry
pune,stuffed_capsicum,veg_gravy,brown,brown,yes,0.569,2,1,saucy
pune,stuffed_dum_aloo_banarasi,veg_gravy,brown,brown,yes,0.569,4,1,saucy
pune,tondali_masala,veg_dry,red,red,yes,0.569,2,2,saucy
pune,veg_bhuna,veg_gravy,brown,brown,yes,0.569,2,2,saucy
bangalore,kalan,sambar,yellow,yellow,yes,0.63,2,1,saucy
bangalore,kalan_patani_koora,veg_gravy,red,red,yes,0.63,2,1,saucy
bangalore,laksa,nonveg_soup,green,green,yes,0.63,2,1,saucy
bangalore,mocca_tiramisu,dessert,white,white,yes,0.63,4,0,soft
bangalore,motichur_laddoo,dessert,brown,brown,yes,0.63,5,0,soft
bangalore,thandai,welcome_drink,red,red,yes,0.63,1,0,saucy
ncr,d_star_hospitality,veg_gravy,red,,no,0.63,2,1,saucy
ncr,ghiya_tamatari,veg_gravy,red,red,yes,0.63,2,1,saucy
ncr,ghiya_vadi,veg_gravy,red,red,yes,0.63,2,1,saucy
ncr,icecream,veg_gravy,red,red,yes,0.63,2,1,saucy
ncr,khus_sharbat,veg_gravy,red,red,yes,0.63,2,1,saucy
ncr,kulfi,dessert,brown,brown,yes,0.63,5,0,soft
ncr,maal_pua,veg_gravy,red,red,yes,0.63,2,1,saucy
ncr,macroni,veg_gravy,red,red,yes,0.63,2,1,saucy
ncr,milijuli_sabziyan,veg_gravy,red,red,yes,0.63,2,1,saucy
ncr,olives,veg_gravy,red,red,yes,0.63,2,1,saucy
ncr,pickel_sachet,veg_gravy,red,red,yes,0.63,2,1,saucy
ncr,rabdi,veg_gravy,red,red,yes,0.63,2,1,saucy
ncr,roohafza,rice,brown,brown,yes,0.63,2,0,saucy
ncr,sael_caf_menu,veg_gravy,red,red,yes,0.63,2,1,saucy
ncr,sael_menu,veg_gravy,red,red,yes,0.63,2,1,saucy
ncr,thandai,veg_gravy,red,red,yes,0.63,2,1,saucy
bangalore,afghani_chicken,nonveg_main,red,red,yes,0.666,3,1,saucy
bangalore,afghani_paneer,veg_gravy,red,red,yes,0.666,4,1,saucy
bangalore,afghani_veg_biryani,rice,red,red,yes,0.666,4,0,grainy
bangalore,agalakayi_sambar,sambar,yellow,yellow,yes,0.666,2,1,saucy
bangalore,aloo_amarnath_leaves_sabzi,veg_dry,green,green,yes,0.666,2,1,dry
bangalore,aloo_black_chana_curry,veg_gravy,red,red,yes,0.666,2,1,saucy
bangalore,aloo_chicken_curry,nonveg_main,red,red,yes,0.666,3,1,saucy
bangalore,aloo_chilli_c,veg_gravy,red,red,yes,0.666,2,2,saucy
bangalore,aloo_gobhi_mutter_dry,veg_dry,brown,brown,yes,0.666,2,1,dry
bangalore,aloo_jeera_roast,veg_dry,brown,brown,yes,0.666,2,3,crisp
bangalore,aloo_katliyan_dry,veg_dry,green,green,yes,0.666,2,1,dry
bangalore,aloo_mutter_curry,veg_gravy,red,red,yes,0.666,2,1,saucy
bangalore,aloo_patta_gobi_dry,veg_dry,green,green,yes,0.666,2,1,dry
bangalore,aloo_soya_curry,veg_gravy,red,red,yes,0.666,2,1,saucy
bangalore,anda_bhuna_masala,nonveg_main,brown,brown,yes,0.666,3,2,saucy
bangalore,anda_curry_dry,nonveg_main,red,red,yes,0.666,2,1,saucy
bangalore,anda_fried_masala,nonveg_main,brown,brown,yes,0.666,5,2,crisp
bangalore,anda_malai_curry,nonveg_main,red,red,yes,0.666,5,0,saucy
bangalore,andhra_bagara_rice,rice,brown,brown,yes,0.666,2,2,grainy
bangalore,andhra_egg_masala,nonveg_main,brown,brown,yes,0.666,3,3,saucy
bangalore,andhra_kodi_curry,nonveg_main,red,red,yes,0.666,2,3,saucy
bangalore,andhra_veg_curry,veg_gravy,red,red,yes,0.666,2,3,saucy
bangalore,apple_and_celery_infused_water,infused_water,red,red,yes,0.666,1,0,fresh
bangalore,apple_and_pomegranate_infused_water,infused_water,red,red,yes,0.666,1,0,fresh
bangalore,apple_cinnamon_water,infused_water,red,red,yes,0.666,1,0,fresh
bangalore,arbi_dry,veg_dry,green,green,yes,0.666,2,1,dry
bangalore,arbi_lababdar,veg_gravy,red,red,yes,0.666,4,1,saucy
bangalore,atta_halwa,dessert,brown,brown,yes,0.666,5,0,soft
bangalore,atta_ke_halwa,dessert,brown,brown,yes,0.666,5,0,soft
bangalore,atta_ki_dry_fruit_pinni,dessert,green,green,yes,0.666,4,0,fresh
bangalore,avarekallu_sambar,sambar,yellow,yellow,yes,0.666,2,1,saucy
bangalore,avarekalu_sambar,sambar,yellow,yellow,yes,0.666,2,1,saucy
bangalore,awadhi_chicken_curry,nonveg_main,red,red,yes,0.666,3,1,saucy
bangalore,awadhi_paneer_pasnda,veg_gravy,red,red,yes,0.666,4,1,saucy
bangalore,baby_aloo_chatpata,veg_dry,green,green,yes,0.666,2,1,dry
bangalore,baby_corn_chilli,veg_gravy,red,red,yes,0.666,2,2,saucy
bangalore,baby_corn_chilli_dry,starter,red,red,yes,0.666,2,2,crisp
bangalore,baingan_gunda,veg_dry,red,red,yes,0.666,2,1,dry
bangalore,balck_chana_masala_dry,veg_dry,green,green,yes,0.666,2,2,saucy
bangalore,banana_stem_poriyal,veg_dry,green,green,yes,0.666,1,1,dry
bangalore,banjara_murgh_dry,nonveg_main,green,green,yes,0.666,3,1,saucy
bangalore,basil_rasam,rasam,green,green,yes,0.666,1,1,saucy
bangalore,batate_mushroom_pepper_dry_south_style,veg_dry,green,green,yes,0.666,2,2,dry
bangalore,beans_carrot_poriyal,veg_dry,red,red,yes,0.666,1,1,dry
bangalore,beans_mezhukkupuratti,veg_dry,green,green,yes,0.666,2,1,dry
bangalore,beans_poriyal,veg_dry,green,green,yes,0.666,1,1,dry
bangalore,bendekayi_sambar,sambar,yellow,yellow,yes,0.666,2,1,saucy
bangalore,bengali_chorchori_dry,veg_dry,green,green,yes,0.666,2,1,dry
bangalore,bengali_egg_curry,nonveg_main,red,red,yes,0.666,3,1,saucy
bangalore,bhindi_kurkure,veg_dry,green,green,yes,0.666,2,1,dry
bangalore,bhindi_sambar,sambar,yellow,yellow,yes,0.666,2,1,saucy
bangalore,bhuna_anda_masala,nonveg_main,brown,brown,yes,0.666,3,2,saucy
bangalore,bhuna_pyaz_pulao,rice,brown,brown,yes,0.666,2,1,grainy
bangalore,black_chana_sambar,sambar,yellow,yellow,yes,0.666,2,1,saucy
bangalore,black_pepper_rasam,rasam,brown,brown,yes,0.666,1,2,saucy
bangalore,blueberry_pastry,dessert,brown,brown,yes,0.666,4,0,soft
bangalore,boiled_peanut_and_cucumber_salad,salad,green,green,yes,0.666,1,0,fresh
bangalore,boneless_chicken_in_hot_garlic_sauce,nonveg_main,brown,brown,yes,0.666,3,1,saucy
bangalore,bottlegourd_sambar,sambar,yellow,yellow,yes,0.666,2,1,saucy
bangalore,brinji_pulao,rice,brown,brown,yes,0.666,2,0,grainy
bangalore,broad_beans_sabzi,veg_dry,green,green,yes,0.666,2,1,dry
bangalore,broad_beans_sambar,sambar,yellow,yellow,yes,0.666,2,1,saucy
bangalore,broad_beans_with_aloo_sabzi,veg_dry,green,green,yes,0.666,2,1,dry
bangalore,brown_rice_pulao,healthy_rice,brown,brown,yes,0.666,2,0,grainy
bangalore,butter_chicken_curry,nonveg_main,red,red,yes,0.666,5,0,saucy
bangalore,butter_chicken_roast,nonveg_main,brown,brown,yes,0.666,5,2,crisp
bangalore,butter_garlic_vegetables,healthy_rice,brown,brown,yes,0.666,4,0,saucy
bangalore,buttermilk_rasam,rasam,white,white,yes,0.666,1,1,saucy
bangalore,cabbage_beans_thoran,veg_dry,green,green,yes,0.666,2,1,dry
bangalore,cabbage_carrot_chanadal_thoran,veg_dry,green,green,yes,0.666,2,1,dry
bangalore,cabbage_matar_sabzi,veg_dry,green,green,yes,0.666,2,1,dry
bangalore,cabbage_mutter_sabzi,veg_dry,green,green,yes,0.666,2,1,dry
bangalore,cabbage_sabzi,veg_dry,green,green,yes,0.666,2,1,dry
bangalore,capsicum_sambar,sambar,yellow,yellow,yes,0.666,2,1,saucy
bangalore,carrot_and_celery_detox_water,infused_water,red,red,yes,0.666,1,0,fresh
bangalore,carrot_and_ginger_juice,welcome_drink,red,red,yes,0.666,1,0,fresh
bangalore,carrot_juice,welcome_drink,red,red,yes,0.666,1,0,fresh
bangalore,carrot_kosambari_salad,salad,green,green,yes,0.666,1,0,fresh
bangalore,carrot_soup_with_chermoula,soup,red,red,yes,0.666,1,0,saucy
bangalore,cashew_pulao,rice,white,white,yes,0.666,4,0,grainy
bangalore,chana_chaat_salad,salad,green,green,yes,0.666,1,0,crisp
bangalore,chana_paneer,veg_gravy,red,red,yes,0.666,4,1,saucy
bangalore,chatpata_aloo_peas_masala,veg_dry,green,green,yes,0.666,2,2,saucy
bangalore,cheese_corn_ball,starter,red,red,yes,0.666,3,1,crisp
bangalore,chettinad_kozhi_kuzhambu,nonveg_main,red,red,yes,0.666,2,3,saucy
bangalore,chettinad_mushroom_curry,veg_gravy,red,red,yes,0.666,2,3,saucy
bangalore,chettinad_paneer,veg_gravy,red,red,yes,0.666,4,3,saucy
bangalore,chettinad_paneer_peas_curry,veg_gravy,red,red,yes,0.666,4,3,saucy
bangalore,chettinad_soya_curry,veg_gravy,red,red,yes,0.666,2,3,saucy
bangalore,chettinad_style_egg_curry,nonveg_main,red,red,yes,0.666,3,3,saucy
bangalore,chichinde_ki_sabzi,veg_dry,green,green,yes,0.666,2,1,dry
bangalore,chicken_chettinad,nonveg_main,red,red,yes,0.666,3,3,saucy
bangalore,chicken_chettinad_curry,nonveg_main,red,red,yes,0.666,3,3,saucy
bangalore,chicken_chowder,nonveg_soup,brown,brown,yes,0.666,3,1,saucy
bangalore,chicken_ghee_roast_authentic,nonveg_main,brown,brown,yes,0.666,5,3,crisp
bangalore,chicken_ghee_roast_masala,nonveg_main,brown,brown,yes,0.666,5,3,crisp
bangalore,chicken_hot_and_sour,nonveg_soup,brown,brown,yes,0.666,3,1,saucy
bangalore,chicken_jalfrezi,nonveg_main,green,green,yes,0.666,3,1,saucy
bangalore,chicken_kebab_dry,nonveg_main,brown,brown,yes,0.666,3,1,saucy
bangalore,chicken_malai_tikka_dry,nonveg_main,green,green,yes,0.666,5,1,saucy
bangalore,chicken_pahadi_kebab,nonveg_main,brown,brown,yes,0.666,3,1,saucy
bangalore,chicken_shahjahani_curry,nonveg_main,red,red,yes,0.666,3,1,saucy
bangalore,chicken_sukka_dry,nonveg_main,green,green,yes,0.666,3,1,crisp
bangalore,chicken_tawa_masala,nonveg_main,brown,brown,yes,0.666,3,2,saucy
bangalore,chickpeas_and_corn_salad,salad,green,green,yes,0.666,1,0,fresh
bangalore,chili_chicken,nonveg_main,red,red,yes,0.666,3,2,saucy
bangalore,chilli_chicken,nonveg_main,red,red,yes,0.666,3,2,saucy
bangalore,chilli_chicken_dry,nonveg_main,red,red,yes,0.666,3,2,saucy
bangalore,chilli_egg_masala,nonveg_main,red,red,yes,0.666,3,2,saucy
bangalore,chilli_n_garlic_chicken_curry,nonveg_main,brown,brown,yes,0.666,3,2,saucy
bangalore,chilli_potato_chinese_style,veg_dry,red,red,yes,0.666,2,2,dry
bangalore,chinese_bhel_salad,salad,green,green,yes,0.666,1,0,crisp
bangalore,chow_chow_pasi_parapu_poriyal,veg_dry,green,green,yes,0.666,1,1,dry
bangalore,chow_chow_with_chana_poriyal,veg_dry,green,green,yes,0.666,1,1,dry
bangalore,corn_mushroom_handi,veg_gravy,red,red,yes,0.666,2,1,saucy
bangalore,corn_mutter_curry,veg_gravy,red,red,yes,0.666,2,1,saucy
bangalore,corn_pomo_salad,salad,green,green,yes,0.666,1,0,fresh
bangalore,cream_of_chicken,nonveg_soup,white,white,yes,0.666,5,0,saucy
bangalore,cream_of_chicken_soup,nonveg_soup,white,white,yes,0.666,3,0,saucy
bangalore,cream_of_veg_soup,soup,white,white,yes,0.666,2,0,saucy
bangalore,cream_of_vegetable_soup,soup,white,white,yes,0.666,2,0,saucy
bangalore,creamy_cucumber_salad,salad,green,green,yes,0.666,1,0,fresh
bangalore,cucumber_and_apple_infused_water,infused_water,red,red,yes,0.666,1,0,fresh
bangalore,cucumber_and_radish_salad,salad,green,green,yes,0.666,1,0,fresh
bangalore,cucumber_onion_and_lemon_salad,salad,green,green,yes,0.666,1,0,fresh
bangalore,cumin_rasam,rasam,brown,brown,yes,0.666,1,1,saucy
bangalore,curry_leaves_rasam,rasam,red,red,yes,0.666,1,1,saucy
bangalore,desi_chicken_curry,nonveg_main,red,red,yes,0.666,3,1,saucy
bangalore,dhaba_murgh,nonveg_main,yellow,yellow,yes,0.666,3,1,saucy
bangalore,dhaba_style_chicken,nonveg_main,yellow,yellow,yes,0.666,3,1,saucy
bangalore,dhaba_style_chicken_biryani,nonveg_main,yellow,yellow,yes,0.666,5,1,grainy
bangalore,dhaba_style_chicken_masala,nonveg_main,yellow,yellow,yes,0.666,3,2,saucy
bangalore,dhaba_style_mutton_curry,nonveg_main,yellow,yellow,yes,0.666,3,1,saucy
bangalore,dhabe_wali_anda_curry,nonveg_main,red,red,yes,0.666,3,1,saucy
bangalore,dhaniya_shorba,soup,red,red,yes,0.666,2,0,saucy
bangalore,dheli_wale_chole_curry,veg_gravy,red,red,yes,0.666,2,1,saucy
bangalore,dhungar_chaas,welcome_drink,red,red,yes,0.666,1,0,fresh
bangalore,dosakai_sambar,sambar,yellow,yellow,yes,0.666,2,1,saucy
bangalore,double_ka_meetha,dessert,red,red,yes,0.666,4,0,soft
bangalore,drumstick_mix_sambar,sambar,yellow,yellow,yes,0.666,2,1,saucy
bangalore,drumstick_potato_sambar,sambar,yellow,yellow,yes,0.666,2,1,saucy
bangalore,drumstick_pumkin_sambar,sambar,yellow,yellow,yes,0.666,2,1,saucy
bangalore,drumstick_with_mavinakayi_tovve,dal,yellow,yellow,yes,0.666,2,1,saucy
bangalore,dry_chumchum,dessert,green,green,yes,0.666,4,0,soft
bangalore,dry_fruits_ladoo,dessert,white,white,yes,0.666,5,0,soft
bangalore,egg_2_pyaza,nonveg_main,brown,brown,yes,0.666,3,1,saucy
bangalore,egg_chettinad,nonveg_main,brown,brown,yes,0.666,3,3,saucy
bangalore,egg_chilli,nonveg_main,red,red,yes,0.666,3,2,saucy
bangalore,egg_fried_masala,nonveg_main,brown,brown,yes,0.666,5,2,crisp
bangalore,egg_pepper_fry,nonveg_main,brown,brown,yes,0.666,5,2,crisp
bangalore,egg_pepper_roast,nonveg_main,brown,brown,yes,0.666,3,3,crisp
bangalore,egg_tikka_masala,nonveg_main,brown,brown,yes,0.666,3,2,saucy
bangalore,egg_vepudu,nonveg_main,brown,brown,yes,0.666,3,1,saucy
bangalore,egg_vindaloo,nonveg_main,brown,brown,yes,0.666,3,3,saucy
bangalore,finger_salad,salad,green,green,yes,0.666,1,0,fresh
bangalore,fresh_lime_juice,welcome_drink,red,red,yes,0.666,1,0,fresh
bangalore,fried_anda_masala,nonveg_main,brown,brown,yes,0.666,5,2,crisp
bangalore,garlic_chicken_fry,nonveg_main,brown,brown,yes,0.666,5,1,crisp
bangalore,garlic_fried_rice,rice,brown,brown,yes,0.666,4,0,crisp
bangalore,garlic_pepper_baby_corn,veg_dry,brown,brown,yes,0.666,2,2,dry
bangalore,gatta_pulao,rice,brown,brown,yes,0.666,2,0,grainy
bangalore,gavar_ki_sabzi,veg_dry,green,green,yes,0.666,2,1,dry
bangalore,gawarphalli_ki_sabzi,veg_dry,green,green,yes,0.666,2,1,dry
bangalore,ghee_cashew_rice,rice,white,white,yes,0.666,4,2,grainy
bangalore,ghee_paruppu,dal,brown,brown,yes,0.666,4,3,saucy
bangalore,ghee_red_rice,rice,brown,brown,yes,0.666,4,2,grainy
bangalore,ghee_rice_adequate_ghee_and_authentic_fried_onion_garnish_grapes,rice,brown,brown,yes,0.666,5,2,crisp
bangalore,ghee_roast_chicken_dry,nonveg_main,brown,brown,yes,0.666,5,3,crisp
bangalore,ginger_garlic_rasam,rasam,brown,brown,yes,0.666,1,1,saucy
bangalore,goan_vindaloo,nonveg_main,red,red,yes,0.666,2,3,saucy
bangalore,gobi_chilli_dry,veg_dry,red,red,yes,0.666,2,2,dry
bangalore,gooseberry_juice,welcome_drink,red,red,yes,0.666,1,0,fresh
bangalore,goru_chikkudu_vepudu,veg_dry,green,green,yes,0.666,2,1,dry
bangalore,grated_carrot_rasins_salad,salad,green,green,yes,0.666,1,0,fresh
bangalore,grilled_corn_on_the_cob,healthy_rice,brown,brown,yes,0.666,1,0,saucy
bangalore,gujarati_subz_pulao,rice,brown,brown,yes,0.666,2,0,grainy
bangalore,handi_chicken_biryani,nonveg_main,red,red,yes,0.666,5,1,grainy
bangalore,handi_murgh,nonveg_main,red,red,yes,0.666,3,1,saucy
bangalore,hawaiian_salad,salad,green,green,yes,0.666,1,0,fresh
bangalore,heerekaayi_sambar,sambar,yellow,yellow,yes,0.666,2,1,saucy
bangalore,herbed_garlic_rice,rice,brown,brown,yes,0.666,2,0,grainy
bangalore,home_style_egg_curry,nonveg_main,red,red,yes,0.666,3,1,saucy
bangalore,hot_and_sour_chicken,nonveg_soup,brown,brown,yes,0.666,3,1,saucy
bangalore,hot_and_sour_chicken_soup,nonveg_soup,brown,brown,yes,0.666,1,1,saucy
bangalore,hot_and_sour_sesame_paneer,veg_gravy,brown,brown,yes,0.666,5,1,saucy
bangalore,hot_and_sour_veg_soup,soup,brown,brown,yes,0.666,1,0,saucy
bangalore,hyd_chicken_65_curry,nonveg_main,red,red,yes,0.666,5,2,crisp
bangalore,hyderabadi_mushroom_curry,veg_gravy,red,red,yes,0.666,2,1,saucy
bangalore,hyderabadi_veg_curry,veg_gravy,red,red,yes,0.666,2,1,saucy
bangalore,imli_rasam,rasam,brown,brown,yes,0.666,1,1,saucy
bangalore,inji_rasam,rasam,brown,brown,yes,0.666,1,1,saucy
bangalore,italian_chop_salad,salad,green,green,yes,0.666,1,0,fresh
bangalore,jodhapuri_aloo_pyaz_dry,veg_dry,green,green,yes,0.666,2,1,dry
bangalore,jodhpuri_veg_pulao,rice,brown,brown,yes,0.666,2,0,grainy
bangalore,jolly_cranberry_juice_sangria,welcome_drink,red,red,yes,0.666,1,0,fresh
bangalore,kabuli_chana_kofta_biryani,rice,red,red,yes,0.666,4,0,grainy
bangalore,kache_kela_kofta_curry,veg_gravy,red,red,yes,0.666,2,1,saucy
bangalore,kachhe_kele_ki_sukhi_subji,veg_dry,green,green,yes,0.666,2,1,dry
bangalore,kachori_chaat,starter,brown,brown,yes,0.666,4,1,crisp
bangalore,kaddu_ki_kheer,dessert,brown,brown,yes,0.666,5,0,soft
bangalore,kadle_sukka,veg_dry,green,green,yes,0.666,2,1,crisp
bangalore,kala_chana_masala_curry,veg_gravy,red,red,yes,0.666,2,2,saucy
bangalore,kali_mirch_rasam,rasam,brown,brown,yes,0.666,1,2,saucy
bangalore,kali_mirch_veg_kofta_curry,veg_gravy,red,red,yes,0.666,2,2,saucy
bangalore,karamani_poriyal,veg_dry,green,green,yes,0.666,1,1,dry
bangalore,karavepille_egg_masala,nonveg_main,brown,brown,yes,0.666,3,2,saucy
bangalore,karchi_bombay_halwa,dessert,brown,brown,yes,0.666,5,0,soft
bangalore,karnataka_sambar,sambar,yellow,yellow,yes,0.666,2,1,saucy
bangalore,karnataka_stlye_menthiya_pulao,rice,brown,brown,yes,0.666,2,0,grainy
bangalore,karuvepillai_chicken_curry,nonveg_main,red,red,yes,0.666,3,1,saucy
bangalore,kerala_egg_curry,nonveg_main,red,red,yes,0.666,3,1,saucy
bangalore,kerala_egg_roast,nonveg_main,brown,brown,yes,0.666,3,3,crisp
bangalore,kerala_nadan_kozhi_curry,nonveg_main,red,red,yes,0.666,2,1,saucy
bangalore,kerala_style_anda_roast,nonveg_main,brown,brown,yes,0.666,3,3,crisp
bangalore,kerala_vegetable_stew,veg_gravy,white,white,yes,0.666,2,0,saucy
bangalore,kesar_doodh_peda,dessert,brown,brown,yes,0.666,4,0,soft
bangalore,kiwi_pastry,dessert,brown,brown,yes,0.666,4,0,soft
bangalore,kollu_rasam,rasam,brown,brown,yes,0.666,1,1,saucy
bangalore,kothamalli_karunjeeragam_lemon_rasam,rasam,brown,brown,yes,0.666,1,1,saucy
bangalore,kottambari_rasam,rasam,brown,brown,yes,0.666,1,1,saucy
bangalore,kovakai_sambar,sambar,yellow,yellow,yes,0.666,2,1,saucy
bangalore,kovakkai_sambar,sambar,yellow,yellow,yes,0.666,2,1,saucy
bangalore,kovakkai_thoran,veg_dry,green,green,yes,0.666,2,1,dry
bangalore,kumblekai_majjige_huli,curd_side,red,red,yes,0.666,1,0,saucy
bangalore,lemon_chicken_dry,nonveg_main,green,green,yes,0.666,3,1,saucy
bangalore,lemon_ginger_rasam,rasam,brown,brown,yes,0.666,1,1,saucy
bangalore,long_beans_sabzi,veg_dry,green,green,yes,0.666,2,1,dry
bangalore,louki_lobia_masala,veg_gravy,yellow,yellow,yes,0.666,2,2,saucy
bangalore,louki_soya_chatpata,veg_dry,green,green,yes,0.666,2,1,dry
bangalore,madras_garlic_rasam,rasam,brown,brown,yes,0.666,1,1,saucy
bangalore,madras_sambar,sambar,yellow,yellow,yes,0.666,2,1,saucy
bangalore,malabar_paneer_curry,veg_gravy,red,red,yes,0.666,4,1,saucy
bangalore,malai_chicken_curry,nonveg_main,red,red,yes,0.666,5,0,saucy
bangalore,malai_lauki_kofta_curry,veg_gravy,red,red,yes,0.666,4,0,saucy
bangalore,malpua_with_rabri,dessert,yellow,yellow,yes,0.666,5,0,soft
bangalore,malvani_chicken_curry,nonveg_main,red,red,yes,0.666,3,1,saucy
bangalore,manga_paruppu_curry,dal,brown,brown,yes,0.666,2,1,saucy
bangalore,manga_paruppu_vada,veg_dry,brown,brown,yes,0.666,4,1,crisp
bangalore,mangalore_chicken_sukka,nonveg_main,green,green,yes,0.666,3,1,crisp
bangalore,mangalore_egg_curry,nonveg_main,red,red,yes,0.666,3,1,saucy
bangalore,matar_paneer,veg_gravy,red,red,yes,0.666,4,1,saucy
bangalore,matar_pulao,rice,brown,brown,yes,0.666,2,0,grainy
bangalore,menthya_bath_udupi_style,rice,green,green,yes,0.666,2,0,grainy
bangalore,menthya_rice,rice,green,green,yes,0.666,2,0,grainy
bangalore,mexican_chicken_and_bean_soup,nonveg_soup,red,red,yes,0.666,1,1,saucy
bangalore,mexican_chicken_soup,nonveg_soup,red,red,yes,0.666,1,1,saucy
bangalore,mexican_chop_salad,salad,green,green,yes,0.666,1,0,fresh
bangalore,mexican_street_corn_salad,salad,green,green,yes,0.666,1,0,fresh
bangalore,milagu_kai_curry,veg_gravy,green,green,yes,0.666,2,3,saucy
bangalore,milagu_rasam,rasam,brown,brown,yes,0.666,1,3,saucy
bangalore,millet_upma,healthy_rice,brown,brown,yes,0.666,1,0,grainy
bangalore,miloni_subz_dry,veg_dry,red,red,yes,0.666,2,1,dry
bangalore,mix_pasta_salad,salad,green,green,yes,0.666,1,0,fresh
bangalore,mix_veg_chatpata,veg_dry,green,green,yes,0.666,2,1,dry
bangalore,mix_veg_corn_salad,salad,green,green,yes,0.666,1,0,fresh
bangalore,mix_veg_cutlet,starter,brown,brown,yes,0.666,4,1,crisp
bangalore,mix_veg_jalfrezi,veg_dry,green,green,yes,0.666,2,1,dry
bangalore,mix_veg_kathi_roll,starter,brown,brown,yes,0.666,2,1,crisp
bangalore,mix_veg_kofta,veg_gravy,red,red,yes,0.666,2,1,saucy
bangalore,mix_veg_kofta_pulao,rice,red,red,yes,0.666,2,0,grainy
bangalore,mix_veg_paneer_do_pyaza,veg_gravy,red,red,yes,0.666,4,1,saucy
bangalore,mix_veg_paneer_tikka_biryani,rice,red,red,yes,0.666,4,1,grainy
bangalore,mix_veg_pepper_curry,veg_gravy,red,red,yes,0.666,2,2,saucy
bangalore,mix_veg_sukha,veg_dry,green,green,yes,0.666,2,1,dry
bangalore,mohabbat_ka_sharbath,welcome_drink,red,red,yes,0.666,1,0,saucy
bangalore,molakekalu_saru,veg_gravy,brown,brown,yes,0.666,2,1,saucy
bangalore,mooli_sambar,sambar,yellow,yellow,yes,0.666,2,1,saucy
bangalore,mughlai_chicken_zafrani_curry,nonveg_main,red,red,yes,0.666,5,1,saucy
bangalore,murgh_lababdar,nonveg_main,red,red,yes,0.666,5,1,saucy
bangalore,murgh_nizami,nonveg_main,red,red,yes,0.666,3,1,saucy
bangalore,mushroom_capsicum_ghee_roast,veg_dry,brown,brown,yes,0.666,4,3,crisp
bangalore,mushroom_chilli,veg_gravy,red,red,yes,0.666,2,2,saucy
bangalore,mushroom_vegetable_chilli,veg_gravy,red,red,yes,0.666,2,2,saucy
bangalore,mysore_chicken_curry,nonveg_main,red,red,yes,0.666,3,1,saucy
bangalore,nachos_with_salsa,starter,red,red,yes,0.666,2,1,crisp
bangalore,nadan_chicken_curry,nonveg_main,red,red,yes,0.666,3,1,saucy
bangalore,nadan_kozhi_curry,nonveg_main,red,red,yes,0.666,2,1,saucy
bangalore,nallampatti_chicken_curry,nonveg_main,red,red,yes,0.666,3,1,saucy
bangalore,narthangai_rasam,rasam,brown,brown,yes,0.666,1,1,saucy
bangalore,nati_style_chicken_masala,nonveg_main,red,red,yes,0.666,3,2,saucy
bangalore,nati_style_kozhi_saru,nonveg_main,brown,brown,yes,0.666,2,1,saucy
bangalore,nawabi_anda_masala,nonveg_main,red,red,yes,0.666,5,2,saucy
bangalore,nellikayi_rasam,rasam,brown,brown,yes,0.666,1,1,saucy
bangalore,nilgiri_chicken_curry,nonveg_main,white,white,yes,0.666,3,1,saucy
bangalore,nilgiri_mushroom_peas_curry,veg_gravy,white,white,yes,0.666,2,1,saucy
bangalore,nimbu_sharbath,welcome_drink,red,red,yes,0.666,1,0,saucy
bangalore,nizami_chicken_biryani,nonveg_main,red,red,yes,0.666,5,1,grainy
bangalore,nizami_murgh,nonveg_main,red,red,yes,0.666,3,1,saucy
bangalore,nizami_murgh_handi,nonveg_main,red,red,yes,0.666,3,1,saucy
bangalore,nizami_veg_biryani,rice,red,red,yes,0.666,4,0,grainy
bangalore,onion_and_cucumber_salad,salad,green,green,yes,0.666,1,0,fresh
bangalore,onion_cucumber_and_lemon_salad,salad,green,green,yes,0.666,1,0,fresh
bangalore,onion_lemon_and_cucumber_salad,salad,green,green,yes,0.666,1,0,fresh
bangalore,onion_vegetable_sambar,sambar,yellow,yellow,yes,0.666,2,1,saucy
bangalore,paan_burfi,dessert,brown,brown,yes,0.666,4,0,soft
bangalore,pad_thai_noodle_with_soya_garlic_veg,starter,brown,brown,yes,0.666,2,1,grainy
bangalore,padavalkai_sambar,sambar,yellow,yellow,yes,0.666,2,1,saucy
bangalore,panchmel_sukhi_sabzi,veg_dry,green,green,yes,0.666,2,1,dry
bangalore,paneer_bhuna_masala,veg_gravy,red,red,yes,0.666,4,2,saucy
bangalore,paneer_capsicum,veg_gravy,red,red,yes,0.666,4,1,saucy
bangalore,paneer_capsicum_lababdar,veg_gravy,red,red,yes,0.666,4,1,saucy
bangalore,paneer_chilli,sambar,red,red,yes,0.666,4,2,saucy
bangalore,paneer_chillly,veg_gravy,red,red,yes,0.666,4,1,saucy
bangalore,paneer_cutlet,starter,brown,brown,yes,0.666,5,1,crisp
bangalore,paneer_dopyaza,veg_gravy,red,red,yes,0.666,4,1,saucy
bangalore,paneer_in_chilli_basil_sauce,veg_gravy,green,green,yes,0.666,4,2,saucy
bangalore,paneer_mutter_and_aloo_curry,veg_gravy,red,red,yes,0.666,4,1,saucy
bangalore,paneer_mutter_sabzi,veg_gravy,green,green,yes,0.666,4,1,saucy
bangalore,paneer_noodles,rice,red,red,yes,0.666,4,0,saucy
bangalore,panner_kofta_curry,veg_gravy,red,red,yes,0.666,2,1,saucy
bangalore,paruppu_curry,dal,red,red,yes,0.666,2,1,saucy
bangalore,pasta_olive_salad,salad,green,green,yes,0.666,1,0,fresh
bangalore,pasta_with_olives_salad,salad,green,green,yes,0.666,1,0,fresh
bangalore,patta_gobi_aloo_mutter_dry,veg_dry,green,green,yes,0.666,2,1,dry
bangalore,peanut_and_veg_salad,salad,green,green,yes,0.666,1,0,fresh
bangalore,peanut_kosambari,salad,green,green,yes,0.666,1,0,fresh
bangalore,peanut_sundal,salad,green,green,yes,0.666,2,0,fresh
bangalore,pepper_and_garlic_mix_rasam,rasam,brown,brown,yes,0.666,1,2,saucy
bangalore,pepper_egg_dry,nonveg_main,brown,brown,yes,0.666,3,2,saucy
bangalore,pepper_jeera_rasam,rasam,brown,brown,yes,0.666,1,2,saucy
bangalore,peshwari_chicken_curry,nonveg_main,red,red,yes,0.666,3,1,saucy
bangalore,pickled_salad,salad,green,green,yes,0.666,1,0,fresh
bangalore,pista_roll,dessert,brown,brown,yes,0.666,4,0,soft
bangalore,pock_choy_and_tofu_in_black_bean_sauce,healthy_rice,red,red,yes,0.666,2,0,saucy
bangalore,poondu_rasam,rasam,brown,brown,yes,0.666,1,1,saucy
bangalore,potato_and_leek_soup,soup,white,white,yes,0.666,1,0,saucy
bangalore,potato_mayonnaise_salad,salad,green,green,yes,0.666,1,0,fresh
bangalore,potato_mushroom_curry,veg_gravy,red,red,yes,0.666,2,1,saucy
bangalore,potato_wedges,starter,red,red,yes,0.666,2,1,crisp
bangalore,protein_mix_salad,salad,green,green,yes,0.666,1,0,fresh
bangalore,puli_rasam,rasam,brown,brown,yes,0.666,1,1,saucy
bangalore,punjabi_egg_curry,nonveg_main,red,red,yes,0.666,3,1,saucy
bangalore,punjabi_paneer_curry,veg_gravy,red,red,yes,0.666,4,1,saucy
bangalore,punjabi_paneer_masala,veg_gravy,red,red,yes,0.666,4,2,saucy
bangalore,punjabi_style_egg_curry,nonveg_main,red,red,yes,0.666,3,1,saucy
bangalore,pyaaz_pulao,rice,brown,brown,yes,0.666,2,0,grainy
bangalore,radish_carrot_cucumber_and_capsicum,salad,red,red,yes,0.666,1,0,fresh
bangalore,radish_carrot_cucumber_salad,salad,green,green,yes,0.666,1,0,fresh
bangalore,railway_chicken_curry,nonveg_main,red,red,yes,0.666,3,1,saucy
bangalore,rainbow_pastry,dessert,brown,brown,yes,0.666,4,0,soft
bangalore,rajasthani_gatte_ki_curry,veg_gravy,green,green,yes,0.666,2,1,saucy
bangalore,rajasthani_veg_pulao,rice,brown,brown,yes,0.666,2,0,grainy
bangalore,rajma_chawal,rice,red,red,yes,0.666,2,0,saucy
bangalore,ratatouille_vegetables,healthy_rice,red,red,yes,0.666,2,0,saucy
bangalore,rava_laddu,dessert,brown,brown,yes,0.666,4,0,soft
bangalore,rava_ladoo,dessert,brown,brown,yes,0.666,5,0,soft
bangalore,raw_banana_pakoda,starter,brown,brown,yes,0.666,4,1,crisp
bangalore,raw_banana_vepudu,veg_dry,green,green,yes,0.666,2,1,dry
bangalore,red_velvet_pastry_egg_less,dessert,brown,brown,yes,0.666,5,0,soft
bangalore,redrice_pulao,healthy_rice,brown,brown,yes,0.666,2,0,grainy
bangalore,ridgeguard_sambar,sambar,yellow,yellow,yes,0.666,2,1,saucy
bangalore,saagwala_paneer,veg_gravy,red,red,yes,0.666,4,1,saucy
bangalore,sabzi_banjara_dry,veg_dry,green,green,yes,0.666,2,1,dry
bangalore,sabzi_dhansak,veg_gravy,green,green,yes,0.666,2,1,saucy
bangalore,sabzi_jaipuri,veg_gravy,green,green,yes,0.666,2,1,saucy
bangalore,sabzi_ki_tehri,rice,green,green,yes,0.666,2,0,saucy
bangalore,sabzi_nizami_handi,veg_gravy,red,red,yes,0.666,2,1,saucy
bangalore,sabzi_pudinawale_pulao,rice,green,green,yes,0.666,2,0,grainy
bangalore,sabzi_pulao,rice,green,green,yes,0.666,2,0,grainy
bangalore,sabzi_sukdo,veg_dry,green,green,yes,0.666,2,1,dry
bangalore,saffron_vegetable_pulao,rice,brown,brown,yes,0.666,2,0,grainy
bangalore,sesame_hot_and_sour_paneer,veg_gravy,brown,brown,yes,0.666,5,1,saucy
bangalore,shimla_mirch_pyaaz_ki_sabzi,veg_dry,green,green,yes,0.666,2,2,dry
bangalore,shredded_carrot_and_raisin_salad,salad,green,green,yes,0.666,1,0,fresh
bangalore,shredded_cucumber_and_radish_salad,salad,green,green,yes,0.666,1,0,fresh
bangalore,shredded_salad,salad,green,green,yes,0.666,1,0,fresh
bangalore,shrikhand_dry_fruit,dessert,green,green,yes,0.666,4,0,fresh
bangalore,sindhi_sui_bhaji,veg_gravy,yellow,yellow,yes,0.666,2,1,saucy
bangalore,singaporean_curry_noodles,starter,red,red,yes,0.666,2,1,saucy
bangalore,singaporean_egg_fried_rice,nonveg_main,brown,brown,yes,0.666,5,1,crisp
bangalore,sliced_cucumber_and_radish_salad,salad,green,green,yes,0.666,1,0,fresh
bangalore,sliced_cucumber_carrot_salad,salad,green,green,yes,0.666,1,0,fresh
bangalore,small_onion_drumstick_sambar,sambar,yellow,yellow,yes,0.666,2,1,saucy
bangalore,snake_gourd_chana_poriyal,veg_dry,green,green,yes,0.666,1,1,dry
bangalore,snake_gourd_sambar,sambar,yellow,yellow,yes,0.666,2,1,saucy
bangalore,southekayi_sambar,sambar,yellow,yellow,yes,0.666,2,1,saucy
bangalore,soya_aloo_sabzi,veg_dry,green,green,yes,0.666,2,1,dry
bangalore,soya_bean_sabzi,veg_dry,green,green,yes,0.666,2,1,dry
bangalore,soya_chatpata,veg_dry,green,green,yes,0.666,2,1,dry
bangalore,soya_egg_chilli,nonveg_main,red,red,yes,0.666,3,2,saucy
bangalore,soya_ghee_roast,veg_dry,brown,brown,yes,0.666,4,3,crisp
bangalore,soya_kheema_curry,veg_gravy,red,red,yes,0.666,2,1,saucy
bangalore,soya_pepper_dry,veg_dry,green,green,yes,0.666,2,2,dry
bangalore,soya_veg_cutlet,starter,brown,brown,yes,0.666,4,1,crisp
bangalore,soyabean_chunk_mutter_sukha,veg_dry,green,green,yes,0.666,2,1,dry
bangalore,spicy_masala_baby_potatoes,veg_dry,red,red,yes,0.666,2,2,saucy
bangalore,spicy_onion_cucumber_salad,salad,green,green,yes,0.666,1,1,fresh
bangalore,sprouted_kala_chana_cucumber_salad,salad,green,green,yes,0.666,1,0,fresh
bangalore,st_german_salad,salad,green,green,yes,0.666,1,0,fresh
bangalore,steamed_paruppu_urundai_curry,sambar,red,red,yes,0.666,1,0,saucy
bangalore,stuffd_bread_pakoda,starter,brown,brown,yes,0.666,4,1,crisp
bangalore,subz_miloni_dry,veg_dry,red,red,yes,0.666,2,1,dry
bangalore,subz_miloni_handi,veg_gravy,red,red,yes,0.666,2,1,saucy
bangalore,sukhi_miloni_subz,veg_dry,red,red,yes,0.666,2,1,dry
bangalore,sundal,salad,green,green,yes,0.666,1,0,fresh
bangalore,sweet_and_sour_chilli_paneer,veg_gravy,brown,brown,yes,0.666,4,1,saucy
bangalore,sweet_and_sour_paneer,veg_gravy,brown,brown,yes,0.666,4,0,saucy
bangalore,sweet_potato_kheer,dessert,brown,brown,yes,0.666,5,0,soft
bangalore,swiss_roll,dessert,brown,brown,yes,0.666,4,0,soft
bangalore,tamilnadu_rasam,rasam,brown,brown,yes,0.666,1,1,saucy
bangalore,tamilnadu_sambar,sambar,yellow,yellow,yes,0.666,2,1,saucy
bangalore,tawa_anda_masala,nonveg_main,brown,brown,yes,0.666,3,2,saucy
bangalore,tawa_chicken,nonveg_main,brown,brown,yes,0.666,3,1,saucy
bangalore,tawa_mix_veg,veg_dry,brown,brown,yes,0.666,2,1,dry
bangalore,tawa_mix_veg_dry,veg_dry,brown,brown,yes,0.666,2,1,dry
bangalore,temple_rasam,rasam,brown,brown,yes,0.666,1,1,saucy
bangalore,temple_style_rasam,rasam,brown,brown,yes,0.666,1,1,saucy
bangalore,tempura_vegetables,veg_dry,brown,brown,yes,0.666,2,1,dry
bangalore,tendly_bhaji_marati_style,veg_dry,green,green,yes,0.666,2,1,dry
bangalore,thakkali_rasam,rasam,brown,brown,yes,0.666,1,1,saucy
bangalore,thalassery_ghee_rice,rice,brown,brown,yes,0.666,4,2,grainy
bangalore,thandai_burfi,dessert,brown,brown,yes,0.666,4,0,soft
bangalore,thengai_manga_sadam,rice,brown,brown,yes,0.666,2,0,saucy
bangalore,thengai_sadam,rice,brown,brown,yes,0.666,2,0,saucy
bangalore,thi_basil_rice_basmati_rice,rice,yellow,yellow,yes,0.666,2,0,grainy
bangalore,thondekai_sukka,veg_dry,green,green,yes,0.666,2,1,crisp
bangalore,tikki_poori,starter,brown,brown,yes,0.666,4,1,crisp
bangalore,tinda_sabzi,veg_dry,green,green,yes,0.666,2,1,dry
bangalore,tindore_ki_sabzi,veg_dry,green,green,yes,0.666,2,1,dry
bangalore,traditional_sambar,sambar,yellow,yellow,yes,0.666,2,1,saucy
bangalore,trivankur_chicken_curry,nonveg_main,red,red,yes,0.666,3,1,saucy
bangalore,tropical_salad,salad,green,green,yes,0.666,1,0,fresh
bangalore,udupi_mix_veg_sambar,sambar,yellow,yellow,yes,0.666,2,1,saucy
bangalore,udupi_style_sambar,sambar,yellow,yellow,yes,0.666,2,1,saucy
bangalore,urulai_battani_masala,veg_gravy,red,red,yes,0.666,2,2,saucy
bangalore,urulai_chutney_podi_vathakal_red_baby_potato,veg_dry,red,red,yes,0.666,2,1,dry
bangalore,varutharacha_chicken_curry,nonveg_main,red,red,yes,0.666,3,1,saucy
bangalore,varutharacha_rasam,rasam,brown,brown,yes,0.666,1,1,saucy
bangalore,varutharacha_soya_curry,veg_gravy,red,red,yes,0.666,2,1,saucy
bangalore,vazakkai_gola_urundai_oil_fry,veg_dry,red,red,yes,0.666,4,1,crisp
bangalore,veg_ball_chilli,veg_gravy,red,red,yes,0.666,2,2,saucy
bangalore,veg_ball_chilli_dry,veg_dry,red,red,yes,0.666,2,2,dry
bangalore,veg_ball_pepper_dry,veg_dry,red,red,yes,0.666,2,2,dry
bangalore,veg_chettinad_biryani,rice,red,red,yes,0.666,4,2,grainy
bangalore,veg_garlic_fried_rice,rice,brown,brown,yes,0.666,4,0,crisp
bangalore,veg_handi_biryani,rice,red,red,yes,0.666,4,0,grainy
bangalore,veg_kathi_roll,starter,brown,brown,yes,0.666,2,1,crisp
bangalore,veg_paneer_dum_biryani,rice,red,red,yes,0.666,4,0,grainy
bangalore,veg_pepper_dry,veg_dry,green,green,yes,0.666,2,2,dry
bangalore,veg_sambar,sambar,yellow,yellow,yes,0.666,2,1,saucy
bangalore,veg_yakhni_pulao,rice,brown,brown,yes,0.666,2,0,grainy
bangalore,vegetable_paneer_chilli,veg_gravy,red,red,yes,0.666,4,2,saucy
bangalore,vegetable_stew,veg_gravy,white,white,yes,0.666,2,0,saucy
bangalore,vegetable_tempura,starter,brown,brown,yes,0.666,2,1,crisp
bangalore,vendakkai_vengayam_sambar,sambar,yellow,yellow,yes,0.666,2,1,saucy
bangalore,village_style_chicken_curry,nonveg_main,red,red,yes,0.666,3,1,saucy
bangalore,waldrof_salad,salad,green,green,yes,0.666,1,0,fresh
bangalore,water_melon_and_basil_juice,welcome_drink,green,green,yes,0.666,1,0,fresh
bangalore,watermelon_and_basil_infused_water,infused_water,green,green,yes,0.666,1,0,fresh
bangalore,watermelon_and_cucumber_salad,salad,green,green,yes,0.666,1,0,fresh
bangalore,watermelon_basil_cooler,welcome_drink,green,green,yes,0.666,1,0,saucy
bangalore,watermelon_fresh,welcome_drink,green,green,yes,0.666,1,0,saucy
bangalore,white_bean_salad_with_lemon_dressing,salad,green,green,yes,0.666,1,0,fresh
bangalore,white_beans_and_veggies_salad,salad,green,green,yes,0.666,1,0,fresh
bangalore,yam_poriyal,veg_dry,green,green,yes,0.666,1,1,dry
bangalore,zafrani_kheer,dessert,brown,brown,yes,0.666,5,0,soft
chennai,chilli_idli,bread,red,red,yes,0.666,1,1,soft
chennai,karamani_sundal,salad,green,green,yes,0.666,1,0,fresh
chennai,peanut_sundal,salad,green,green,yes,0.666,2,0,fresh
chennai,valakai_kara_curry,veg_gravy,red,red,yes,0.666,2,2,saucy
chennai,white_sundal,salad,green,green,yes,0.666,1,0,fresh
ncr,a_pastry,dessert,brown,brown,yes,0.666,4,0,soft
ncr,angoori_kofta,veg_gravy,red,red,yes,0.666,2,1,saucy
ncr,angoori_kofta_gutta_curry,veg_gravy,red,red,yes,0.666,2,1,saucy
ncr,assorted_icecream,veg_gravy,green,green,yes,0.666,2,1,saucy
ncr,awadhi_chicken_curry,nonveg_main,red,red,yes,0.666,3,1,saucy
ncr,badami_halwa,dessert,brown,brown,yes,0.666,5,0,soft
ncr,bhindi_ki_sabzi,veg_dry,green,green,yes,0.666,2,1,dry
ncr,boiled_hara_moong_salad,salad,green,green,yes,0.666,1,0,fresh
ncr,carrot_and_peas_salad,salad,green,green,yes,0.666,1,0,fresh
ncr,chana_almond_burfi,dessert,brown,brown,yes,0.666,5,0,soft
ncr,chana_chaat_salad,salad,green,green,yes,0.666,1,0,crisp
ncr,chana_flaxseeds_burfi,dessert,brown,brown,yes,0.666,4,0,soft
ncr,chettinad_veggies_masala,veg_gravy,red,red,yes,0.666,2,3,saucy
ncr,chicken_afghani,nonveg_main,red,red,yes,0.666,3,1,saucy
ncr,chicken_chettinad,nonveg_main,red,red,yes,0.666,3,3,saucy
ncr,chicken_curry_home_styal,nonveg_main,red,red,yes,0.666,3,1,saucy
ncr,chicken_curry_patta,nonveg_main,green,green,yes,0.666,3,1,saucy
ncr,chicken_malai_curry,nonveg_main,red,red,yes,0.666,5,0,saucy
ncr,chicken_punjabi_dhaba_style,nonveg_main,yellow,yellow,yes,0.666,3,1,saucy
ncr,chicken_tari_wala,nonveg_main,white,white,yes,0.666,3,1,saucy
ncr,chilli_chiken,veg_gravy,red,red,yes,0.666,2,2,saucy
ncr,chinese_veg_in_sweet_n_sour,veg_gravy,brown,brown,yes,0.666,2,0,saucy
ncr,choco_muffin,veg_gravy,brown,brown,yes,0.666,2,1,saucy
ncr,chole_curry,veg_gravy,red,red,yes,0.666,2,1,saucy
ncr,cooker_pulao,rice,brown,brown,yes,0.666,2,0,grainy
ncr,corn_n_peanut_salad,salad,green,green,yes,0.666,1,0,fresh
ncr,corn_pepper_salad,salad,green,green,yes,0.666,1,1,fresh
ncr,dhaba_chicken,nonveg_main,yellow,yellow,yes,0.666,3,1,saucy
ncr,dhaba_chicken_curry,nonveg_main,yellow,yellow,yes,0.666,3,1,saucy
ncr,dhaba_style_aloo_tamatari,veg_gravy,yellow,yellow,yes,0.666,2,1,saucy
ncr,dhaba_style_bhuna_vegetables,veg_gravy,yellow,yellow,yes,0.666,2,2,saucy
ncr,dhaba_style_cholley,dal,yellow,yellow,yes,0.666,2,1,saucy
ncr,dhaniya_adraki_paneer,veg_gravy,red,red,yes,0.666,4,1,saucy
ncr,dhaniya_hingdar_jeera_aloo,veg_gravy,red,red,yes,0.666,2,1,saucy
ncr,dhaniya_rice,rice,red,red,yes,0.666,2,0,grainy
ncr,doodh_burfi,dessert,brown,brown,yes,0.666,4,0,soft
ncr,drumstick_aloo_curry,veg_gravy,red,red,yes,0.666,2,1,saucy
ncr,dry_fruit_pulao,dessert,brown,brown,yes,0.666,4,0,fresh
ncr,flaxiseed_burfi,dessert,brown,brown,yes,0.666,4,0,soft
ncr,fried_aloo_pudhina,veg_dry,brown,brown,yes,0.666,4,1,crisp
ncr,ghee_dum_rice,rice,brown,brown,yes,0.666,4,2,grainy
ncr,ghiya_kofta,veg_gravy,red,red,yes,0.666,2,1,saucy
ncr,ghiya_kofta_curry,veg_gravy,red,red,yes,0.666,2,1,saucy
ncr,ghiya_kofta_in_chop_masala,veg_gravy,red,red,yes,0.666,2,2,saucy
ncr,goan_chicken,nonveg_main,red,red,yes,0.666,3,1,saucy
ncr,halwa,dessert,brown,brown,yes,0.666,5,0,soft
ncr,handi_chicken,nonveg_main,red,red,yes,0.666,3,1,saucy
ncr,handi_subz,veg_gravy,red,red,yes,0.666,2,1,saucy
ncr,haryali_chicken,nonveg_main,green,green,yes,0.666,3,1,saucy
ncr,hyderabadi_paneer_masala,veg_gravy,red,red,yes,0.666,4,2,saucy
ncr,idli_vada,bread,brown,brown,yes,0.666,2,0,crisp
ncr,inji_rasam,rasam,brown,brown,yes,0.666,1,1,saucy
ncr,jodhpuri_pulao,rice,brown,brown,yes,0.666,2,0,grainy
ncr,jungli_chicken_curry,nonveg_main,red,red,yes,0.666,3,1,saucy
ncr,kala_chana_sprout_mix_salad,salad,green,green,yes,0.666,1,0,fresh
ncr,kalongi_wale_baingan,veg_dry,red,red,yes,0.666,2,1,dry
ncr,katha_meetha_pertha,veg_dry,red,red,yes,0.666,2,1,dry
ncr,khade_masale_ka_pulao,rice,brown,brown,yes,0.666,2,0,grainy
ncr,kheer,dessert,brown,brown,yes,0.666,5,0,soft
ncr,khoya_cutlet,veg_gravy,brown,brown,yes,0.666,5,1,crisp
ncr,khoya_roll,veg_gravy,brown,brown,yes,0.666,4,1,saucy
ncr,kidney_beans_relish,salad,red,red,yes,0.666,1,0,fresh
ncr,kidney_beans_salad,salad,green,green,yes,0.666,1,0,fresh
ncr,konkani_chicken_curry,nonveg_main,red,red,yes,0.666,3,1,saucy
ncr,kundru_masala,veg_dry,red,red,yes,0.666,2,2,saucy
ncr,lahori_paneer,veg_gravy,red,red,yes,0.666,4,1,saucy
ncr,lauki_burfi,dessert,brown,brown,yes,0.666,4,0,soft
ncr,lauki_tamatri_dry,veg_dry,green,green,yes,0.666,2,1,dry
ncr,lemon_peanut_rice,rice,green,green,yes,0.666,3,0,grainy
ncr,manesar_fruits,dessert,white,white,yes,0.666,4,0,soft
ncr,mangodi_ki_sabzi,veg_gravy,green,green,yes,0.666,2,1,saucy
ncr,marwari_kofta,veg_gravy,red,red,yes,0.666,2,1,saucy
ncr,matar_paneer,veg_gravy,red,red,yes,0.666,4,1,saucy
ncr,matar_paneer_home_style,veg_gravy,red,red,yes,0.666,4,1,saucy
ncr,matar_pulao,rice,brown,brown,yes,0.666,2,0,grainy
ncr,mathura_peda,dessert,brown,brown,yes,0.666,4,0,soft
ncr,mattar_paneer,veg_gravy,red,red,yes,0.666,4,1,saucy
ncr,mix_pickle,veg_gravy,red,red,yes,0.666,2,1,saucy
ncr,mix_veg_handi,veg_gravy,red,red,yes,0.666,2,1,saucy
ncr,moongphali_ki_burfi,dessert,brown,brown,yes,0.666,4,0,soft
ncr,mushroom_matar_makhana,veg_gravy,red,red,yes,0.666,2,1,saucy
ncr,mushroom_matar_paneer,veg_gravy,red,red,yes,0.666,4,1,saucy
ncr,mutter_mushroom_curry,veg_gravy,red,red,yes,0.666,2,1,saucy
ncr,mutton_curry,nonveg_main,red,red,yes,0.666,3,1,saucy
ncr,nutree_pulao,rice,red,red,yes,0.666,2,0,grainy
ncr,nutri_matar_curry,veg_gravy,red,red,yes,0.666,2,1,saucy
ncr,paneer_bhuna_masala,veg_gravy,red,red,yes,0.666,4,2,saucy
ncr,paneer_dhaniya_adraki,veg_gravy,red,red,yes,0.666,4,1,saucy
ncr,paneer_hyderabadi,veg_gravy,red,red,yes,0.666,4,1,saucy
ncr,paneer_jaipuri,veg_gravy,red,red,yes,0.666,4,1,saucy
ncr,paneer_kalimirch,veg_gravy,red,red,yes,0.666,4,1,saucy
ncr,paneer_laung_lachi,veg_gravy,red,red,yes,0.666,4,1,saucy
ncr,paneer_madrasi_south_style,veg_gravy,red,red,yes,0.666,4,1,saucy
ncr,paneer_makhanwala,veg_gravy,red,red,yes,0.666,4,1,saucy
ncr,paneer_malai_kofta,veg_gravy,red,red,yes,0.666,4,0,saucy
ncr,paneer_roganjosh,veg_gravy,red,red,yes,0.666,4,1,saucy
ncr,paneer_tak_tak,veg_gravy,red,red,yes,0.666,4,1,saucy
ncr,paneer_veg_fusion,veg_gravy,red,red,yes,0.666,4,1,saucy
ncr,pao_bhaji,veg_gravy,brown,brown,yes,0.666,2,1,saucy
ncr,parwal_ki_sabzi,veg_dry,green,green,yes,0.666,2,1,dry
ncr,pasyam_kheer,dessert,brown,brown,yes,0.666,5,0,soft
ncr,patagobhi_matar_ki_sabzi,veg_dry,green,green,yes,0.666,2,1,dry
ncr,paysam_kheer,dessert,brown,brown,yes,0.666,5,0,soft
ncr,paysam_kheer_cold,dessert,brown,brown,yes,0.666,5,0,soft
ncr,paysum_kheer,dessert,brown,brown,yes,0.666,5,0,soft
ncr,peanut_corn_salad,salad,green,green,yes,0.666,1,0,fresh
ncr,pickle_mouth_freshner,veg_gravy,red,red,yes,0.666,2,1,saucy
ncr,pista_khoya_burfi,dessert,brown,brown,yes,0.666,5,0,soft
ncr,plain_chaach,veg_gravy,brown,brown,yes,0.666,2,0,saucy
ncr,plain_rce,rice,brown,brown,yes,0.666,2,0,saucy
ncr,pudding_ala_cream,dessert,white,white,yes,0.666,5,0,soft
ncr,pulao,rice,brown,brown,yes,0.666,2,0,grainy
ncr,punjabi_paneer_masala,veg_gravy,red,red,yes,0.666,4,2,saucy
ncr,pyaaz_pulao,rice,brown,brown,yes,0.666,2,0,grainy
ncr,pysam_kheer,dessert,brown,brown,yes,0.666,5,0,soft
ncr,rainbow_pastry,dessert,brown,brown,yes,0.666,4,0,soft
ncr,rajasthani_chicken_curry,nonveg_main,red,red,yes,0.666,3,1,saucy
ncr,rawa_halwa,dessert,brown,brown,yes,0.666,5,0,soft
ncr,rawa_kesri_halwa,dessert,brown,brown,yes,0.666,5,0,soft
ncr,roasted_bellpepper_and_corn_salad,salad,green,green,yes,0.666,1,0,fresh
ncr,roasted_pao,bread,brown,brown,yes,0.666,2,0,saucy
ncr,sauce,veg_gravy,red,red,yes,0.666,2,1,saucy
ncr,sevaiyan_kheer,dessert,brown,brown,yes,0.666,5,0,soft
ncr,seviyan_upma,veg_dry,brown,brown,yes,0.666,2,1,grainy
ncr,sezwain_paneer_masala,veg_gravy,red,red,yes,0.666,4,2,saucy
ncr,sitaphal_khata_meetha,veg_dry,red,red,yes,0.666,2,1,dry
ncr,sprout_corn_mix_salad,salad,green,green,yes,0.666,1,0,fresh
ncr,stir_fry_kung_pao_veg,veg_gravy,brown,brown,yes,0.666,2,1,crisp
ncr,strawberry_flavoured_custard,dessert,yellow,yellow,yes,0.666,4,0,soft
ncr,sweet_corn_and_veggies_salad,salad,green,green,yes,0.666,1,0,fresh
ncr,tamatri_pulao,rice,brown,brown,yes,0.666,2,0,grainy
ncr,tawa_chicken,nonveg_main,brown,brown,yes,0.666,3,1,saucy
ncr,tawa_chicken_masala,nonveg_main,brown,brown,yes,0.666,3,2,saucy
ncr,tawa_mix_veg,veg_gravy,brown,brown,yes,0.666,2,1,saucy
ncr,tawa_mushroom,veg_gravy,brown,brown,yes,0.666,2,1,saucy
ncr,tawa_vegetables,veg_gravy,brown,brown,yes,0.666,2,1,saucy
ncr,tiranga_burfi,dessert,brown,brown,yes,0.666,4,0,soft
ncr,upma,veg_dry,brown,brown,yes,0.666,2,1,grainy
ncr,veg_baoli_handi,veg_gravy,red,red,yes,0.666,2,1,saucy
ncr,veg_korn_kofta,veg_gravy,red,red,yes,0.666,2,1,saucy
ncr,veg_poriyal,veg_dry,green,green,yes,0.666,1,1,dry
ncr,veg_upma,veg_gravy,brown,brown,yes,0.666,2,1,grainy
ncr,vegetable_kofta,veg_gravy,red,red,yes,0.666,2,1,saucy
ncr,vegetable_kofta_curry,veg_gravy,red,red,yes,0.666,2,1,saucy
ncr,veggetable_kofta_curry,veg_gravy,red,red,yes,0.666,2,1,saucy
ncr,vermicelli_kheer,dessert,brown,brown,yes,0.666,5,0,soft
ncr,vermicilli_kheer,dessert,brown,brown,yes,0.666,5,0,soft
ncr,white_cham_cham,veg_gravy,brown,brown,yes,0.666,2,0,saucy
pune,baingan_bharta,veg_dry,red,red,yes,0.666,2,1,dry
pune,burnt_garlic_soup,soup,brown,brown,yes,0.666,1,0,saucy
pune,carrot_soup,soup,red,red,yes,0.666,1,0,saucy
pune,chavali_sheng_dry,veg_dry,green,green,yes,0.666,2,1,dry
pune,dudhi_masala,veg_gravy,brown,brown,yes,0.666,2,2,saucy
pune,french_beans_dry,veg_dry,green,green,yes,0.666,2,1,dry
pune,kachori_chaat,starter,brown,brown,yes,0.666,4,1,crisp
pune,maharashtrian_bhendi,veg_dry,red,red,yes,0.666,2,1,dry
pune,masala_milk,welcome_drink,brown,brown,yes,0.666,1,0,saucy
pune,nagpuri_vada_bhat,rice,brown,brown,yes,0.666,4,0,crisp
pune,paneer_rajwadi,veg_gravy,red,red,yes,0.666,4,1,saucy
pune,saoji_paneer,veg_dry,red,red,yes,0.666,4,1,dry
pune,shengdana_chutney,chutney,green,green,yes,0.666,2,1,saucy
pune,suran_chettinad,veg_dry,red,red,yes,0.666,2,3,dry
pune,tawa_aloo,veg_dry,brown,brown,yes,0.666,2,1,dry
pune,tawa_mushroom,veg_dry,brown,brown,yes,0.666,2,1,dry
pune,thecha_chutney,chutney,red,red,yes,0.666,1,2,saucy
pune,til_chutney,chutney,brown,brown,yes,0.666,2,1,saucy
pune,tiranga_burfi,dessert,brown,brown,yes,0.666,4,0,soft
pune,veg_poriyal,veg_dry,green,green,yes,0.666,1,1,dry
bangalore,lemon_mojito,welcome_drink,green,green,yes,1.0,1,0,fresh
