dish_family,course_type,n_dishes,item_color,example_dishes
chicken,nonveg_main,274,,bangalore:afghani_chicken; bangalore:ajwain_chicken_masala; bangalore:aloo_chicken_curry; bangalore:aloo_dum_chicken_biryani; bangalore:andhra_style_chicken_dum_biryani; bangalore:awadhi_chicken_curry
salad,salad,138,,bangalore:asian_crispy_salad; bangalore:boiled_peanut_and_cucumber_salad; bangalore:carrot_kosambari_salad; bangalore:chana_chaat_salad; bangalore:chickpeas_and_corn_salad; bangalore:chinese_bhel_salad
curry,veg_gravy,86,,bangalore:aloo_black_chana_curry; bangalore:aloo_mutter_curry; bangalore:aloo_soya_curry; bangalore:andhra_veg_curry; bangalore:black_eyed_peas_curry; bangalore:chettinad_mushroom_curry
rice,rice,83,,bangalore:andhra_bagara_rice; bangalore:bell_pepper_fried_rice; bangalore:brinji_rice; bangalore:capsicum_masala_rice; bangalore:capsicum_rice_bath; bangalore:corn_capsicum_fried_rice
paneer,veg_gravy,76,,bangalore:afghani_paneer; bangalore:awadhi_paneer_pasnda; bangalore:chana_paneer; bangalore:chettinad_paneer; bangalore:hot_and_sour_sesame_paneer; bangalore:kadhai_paneer
biryani,rice,72,,bangalore:afghani_veg_biryani; bangalore:andhra_style_mushroom_dum_biryani; bangalore:andhra_style_veg_biryani; bangalore:dindigul_biryani; bangalore:donne_vegetable_dum_biryani; bangalore:hederabad_dum_biryani
egg,nonveg_main,68,,bangalore:andhra_egg_masala; bangalore:bengali_egg_curry; bangalore:chettinad_style_egg_curry; bangalore:chilli_egg_masala; bangalore:egg_2_pyaza; bangalore:egg_chettinad
pulao,rice,60,,bangalore:barista_pulao; bangalore:bhuna_pyaz_pulao; bangalore:bhune_pyaaz_ka_pulao; bangalore:bombay_tawa_pulao; bangalore:brinji_pulao; bangalore:burani_veg_pulao
rasam,rasam,57,,bangalore:basil_rasam; bangalore:black_pepper_rasam; bangalore:buttermilk_rasam; bangalore:cumin_rasam; bangalore:curry_leaves_rasam; bangalore:ginger_garlic_rasam
water,infused_water,52,,bangalore:apple_and_celery_infused_water; bangalore:apple_and_pomegranate_infused_water; bangalore:apple_cinnamon_water; bangalore:carrot_and_celery_detox_water; bangalore:celery_and_watermelon_infused_water; bangalore:cinnamon_and_celery_detox_water
aloo,veg_dry,51,,bangalore:aloo_amarnath_leaves_sabzi; bangalore:aloo_bhaji; bangalore:aloo_bhindi; bangalore:aloo_bhindi_fry; bangalore:aloo_capsicum; bangalore:aloo_gobhi_mutter_dry
chicken,nonveg_soup,50,,bangalore:chicken_barley_broth; bangalore:chicken_bean_soup; bangalore:chicken_broth_soup; bangalore:chicken_chowder; bangalore:chicken_clear_soup; bangalore:chicken_hot_and_sour
murgh,nonveg_main,50,,bangalore:banjara_murgh_dry; bangalore:bhuna_murgh_masala; bangalore:dhaba_murgh; bangalore:dhaniawala_murgh_masala; bangalore:dum_ka_murgh; bangalore:handi_murgh
sabzi,veg_dry,45,,bangalore:broad_beans_sabzi; bangalore:cabbage_matar_sabzi; bangalore:cabbage_mutter_sabzi; bangalore:cabbage_sabzi; bangalore:chichinde_ki_sabzi; bangalore:cluster_beans_sabzi
soup,soup,44,,bangalore:carrot_soup_with_chermoula; bangalore:clear_soup; bangalore:clear_veg_soup; bangalore:cream_of_veg_soup; bangalore:cream_of_vegetable_soup; bangalore:hot_and_sour_veg_soup
masala,veg_gravy,40,,bangalore:capsicum_corn_masala; bangalore:chickpea_masala; bangalore:gobi_aloo_matar_masala; bangalore:lobia_masala; bangalore:lobiya_capsicum_masala; bangalore:louki_lobia_masala
masala,veg_dry,37,,bangalore:balck_chana_masala_dry; bangalore:bhindi_masala_dry; bangalore:bhindi_masala_fry; bangalore:cabbage_battani_masala; bangalore:gobi_capsicum_pepper_masala; bangalore:parwal_masala
aloo,veg_gravy,26,,bangalore:aloo_baigan_bharta; bangalore:aloo_chilli_c; bangalore:aloo_gobhi; hyderabad:aloo_baigan_bharta; hyderabad:aloo_chilli_c; hyderabad:aloo_gobhi
poriyal,veg_dry,26,,bangalore:banana_stem_poriyal; bangalore:beans_carrot_poriyal; bangalore:beans_poriyal; bangalore:chow_chow_pasi_parapu_poriyal; bangalore:chow_chow_with_chana_poriyal; bangalore:karamani_poriyal
anda,nonveg_main,24,,bangalore:anda_bhuna_masala; bangalore:anda_curry_dry; bangalore:anda_fried_masala; bangalore:anda_kalimirch; bangalore:anda_lazeeza; bangalore:anda_malai_curry
chaat,starter,24,,bangalore:bengali_mutter_ghooni_chaat; bangalore:dahi_samosa_chaat; bangalore:gugni_chaat; bangalore:jhal_muri_chaat; bangalore:kachori_chaat; bangalore:mix_sprout_chaat
burfi,dessert,18,,bangalore:dates_malai_burfi; bangalore:horlicks_burfi; bangalore:paan_burfi; bangalore:thandai_burfi; hyderabad:dates_malai_burfi; hyderabad:horlicks_burfi
juice,welcome_drink,16,,bangalore:amla_juice; bangalore:carrot_and_ginger_juice; bangalore:carrot_juice; bangalore:fresh_lime_juice; bangalore:gooseberry_juice; bangalore:jolly_cranberry_juice_sangria
kadhi,veg_gravy,16,,bangalore:aamras_kadhi; bangalore:black_chana_kadhi; bangalore:gujarati_pakodi_kadhi; bangalore:kadhi_pakoda; bangalore:kala_chana_kadhi; bangalore:lauki_kadhi_pakodi
kuzhambu,sambar,16,,bangalore:drumstick_khara_kuzhambu; bangalore:manathakkali_vathal_kuzhambu; bangalore:poondu_kuzhambu; bangalore:poondu_pui_kuzhambu; bangalore:poonmdu_kuzhambu; bangalore:sundakkai_kara_kuzhambu
ladoo,dessert,16,,bangalore:boondi_ladoo; bangalore:dry_fruits_ladoo; bangalore:motichoor_ladoo; bangalore:motichur_ladoo; hyderabad:boondi_ladoo; hyderabad:dry_fruits_ladoo
curry,nonveg_main,15,,bangalore:andhra_kodi_curry; bangalore:dhaba_style_mutton_curry; bangalore:kerala_nadan_kozhi_curry; bangalore:kozi_varutharacha_curry; bangalore:kukkad_curry; bangalore:nadan_kozhi_curry
corn,starter,14,,bangalore:baby_corn_chilli_dry; bangalore:cheese_corn_ball; bangalore:corn_ambode; bangalore:corn_bhel; bangalore:corn_cheese_tikki; bangalore:mushroom_and_corn_croquetes
mushroom,veg_gravy,14,,bangalore:corn_mushroom_handi; bangalore:kadhai_mushroom; bangalore:mushroom_chilli; bangalore:mushroom_kali_mirch; bangalore:mushroom_vegetable_chilli; hyderabad:corn_mushroom_handi
pepper,veg_dry,14,,bangalore:batate_mushroom_pepper_dry_south_style; bangalore:garlic_pepper_baby_corn; bangalore:mushroom_capsicum_pepper_fry; bangalore:soya_pepper_dry; bangalore:vazakkai_pepper_podimas; bangalore:veg_ball_pepper_dry
bath,rice,12,,bangalore:bisibele_bath; bangalore:bisibele_bath_with_khara_boondi; bangalore:capsicum_bath; bangalore:gujarat_masala_bath; bangalore:menthya_bath_udupi_style; bangalore:vangi_bath
cabbage,veg_dry,12,,bangalore:cabbage_beans_thoran; bangalore:cabbage_carrot_chanadal_thoran; bangalore:cabbage_chana_kootu; bangalore:cabbage_foogath; bangalore:cabbage_mutter_bhaji; bangalore:cabbage_tamater_chaat_pata
halwa,dessert,12,,bangalore:atta_halwa; bangalore:atta_ke_halwa; bangalore:karchi_bombay_halwa; hyderabad:atta_halwa; hyderabad:atta_ke_halwa; hyderabad:karchi_bombay_halwa
handi,veg_gravy,11,,bangalore:diwani_handi; bangalore:sabzi_nizami_handi; bangalore:subz_miloni_handi; bangalore:veg_diwani_handi; hyderabad:diwani_handi; hyderabad:sabzi_nizami_handi
laddu,dessert,11,,bangalore:mothichur_laddu; bangalore:motichur_laddu; hyderabad:coconut_orange_laddu; hyderabad:mothichur_laddu; hyderabad:motichur_laddu; ncr:cholayi_ke_laddu
pyaza,veg_dry,11,,bangalore:lauki_do_pyaza; bangalore:mix_veg_do_pyaza; bangalore:parwal_do_pyaza; bangalore:stuffed_parwal_do_pyaza; hyderabad:lauki_do_pyaza; hyderabad:mix_veg_do_pyaza
chaat,salad,10,,bangalore:corn_chaat; bangalore:kabuli_chana_chaat; hyderabad:corn_chaat; hyderabad:kabuli_chana_chaat; ncr:corn_chaat; ncr:kabuli_chana_chaat
dal,dal,10,,bangalore:amritsari_chana_dal; bangalore:amritsari_dal; bangalore:dal_amritsari; hyderabad:amritsari_chana_dal; hyderabad:amritsari_dal; hyderabad:dal_amritsari
pastry,dessert,10,,bangalore:blueberry_pastry; bangalore:kiwi_pastry; bangalore:rainbow_pastry; bangalore:red_velvet_pastry_egg_less; hyderabad:blueberry_pastry; hyderabad:kiwi_pastry
potato,veg_dry,10,,bangalore:chettinad_potato_varuval; bangalore:chilli_potato_chinese_style; bangalore:potato_cauliflower_milagupirati; bangalore:potato_varuval; bangalore:urulai_chutney_podi_vathakal_red_baby_potato; hyderabad:chettinad_potato_varuval
soya,veg_dry,10,,bangalore:louki_soya_chatpata; bangalore:soya_burji; bangalore:soya_chatpata; bangalore:soya_ghee_roast; hyderabad:louki_soya_chatpata; hyderabad:soya_burji
chana,veg_dry,9,,bangalore:beetroot_black_chana_palya; bangalore:lauki_kabuli_chana_subji; bangalore:louki_chana; bangalore:padvalkayi_chana_kootu; hyderabad:beetroot_black_chana_palya; hyderabad:lauki_kabuli_chana_subji
gobi,veg_dry,9,,bangalore:gobi_burji; bangalore:gobi_chili; bangalore:gobi_chilli_dry; hyderabad:gobi_burji; hyderabad:gobi_chili; hyderabad:gobi_chilli_dry
kodi,nonveg_main,9,,bangalore:andhra_kodi_koora; bangalore:kodi_guddu_masala; hyderabad:andhra_kodi_koora; hyderabad:avakaya_kodi_kura; hyderabad:inti_kodi_kura; hyderabad:kodi_guddu_masala
petha,dessert,9,,ncr:aachari_petha; ncr:agar_ka_petha; ncr:chatpata_petha; ncr:katha_meetha_petha; ncr:kesri_petha; ncr:khatta_meetha_petha
bonda,starter,8,,bangalore:mangalore_bonda; bangalore:mix_veg_bonda; bangalore:sabsige_bonda; bangalore:sweet_bonda; hyderabad:mangalore_bonda; hyderabad:mix_veg_bonda
chapati,bread,8,,bangalore:appam_chapati; bangalore:kalonji_chapati; bangalore:methi_chapati_dosa; bangalore:triangle_chapati_puri; hyderabad:appam_chapati; hyderabad:kalonji_chapati
chutney,chutney,8,,pune:cabbage_pachdi_chutney; pune:dates_chutney; pune:jawas_chutney; pune:karala_chutney; pune:ola_khobra_chutney; pune:shengdana_chutney
coleslaw,salad,8,,bangalore:cabbage_and_carrot_coleslaw; bangalore:classic_coleslaw; bangalore:coleslaw; bangalore:vegetable_coleslaw; hyderabad:cabbage_and_carrot_coleslaw; hyderabad:classic_coleslaw
fruit,dessert,8,,bangalore:atta_ki_dry_fruit_pinni; bangalore:dry_fruit_ladhu; bangalore:shrikhand_dry_fruit; hyderabad:atta_ki_dry_fruit_pinni; hyderabad:dry_fruit_ladhu; hyderabad:shrikhand_dry_fruit
fry,veg_dry,8,,bangalore:arbi_fry; bangalore:heerekaayi_stir_fry; bangalore:ridge_gourd_stir_fry; bangalore:vazakkai_gola_urundai_oil_fry; hyderabad:arbi_fry; hyderabad:heerekaayi_stir_fry
kosambari,salad,8,,bangalore:hesaru_bele_kosambari; bangalore:hesarubele_dalimba_kosambari; bangalore:kadale_bele_kosambari; bangalore:peanut_kosambari; hyderabad:hesaru_bele_kosambari; hyderabad:hesarubele_dalimba_kosambari
paruppu,dal,8,,bangalore:ghee_paruppu; bangalore:manga_paruppu_curry; bangalore:nei_paruppu; bangalore:paruppu_curry; hyderabad:ghee_paruppu; hyderabad:manga_paruppu_curry
sabzi,veg_gravy,8,,bangalore:sabzi_dhansak; bangalore:sabzi_jaipuri; bangalore:sabzi_miloni; hyderabad:miloni_sabzi; hyderabad:sabzi_dhansak; hyderabad:sabzi_jaipuri
stir,healthy_rice,8,,bangalore:soya_stir_fry; bangalore:stir_fried_asian_greens_with_tofu; bangalore:stir_fried_soya; bangalore:tofu_and_vegetable_stir_fry; hyderabad:soya_stir_fry; hyderabad:stir_fried_asian_greens_with_tofu
tikki,starter,8,,bangalore:tikki_poori; bangalore:tikki_puri; bangalore:veg_tikki; bangalore:veg_tikki_puri; hyderabad:tikki_poori; hyderabad:tikki_puri
vegetables,healthy_rice,8,,bangalore:butter_garlic_vegetables; bangalore:cajun_spiced_vegetables; bangalore:ratatouille_vegetables; bangalore:sauteed_vegetables; hyderabad:butter_garlic_vegetables; hyderabad:cajun_spiced_vegetables
bhaji,veg_gravy,7,,bangalore:bhaji; bangalore:sindhi_sui_bhaji; hyderabad:bhaji; hyderabad:sindhi_sui_bhaji; hyderabad:vangya_rassa_bhaji; ncr:pao_bhaji
chana,dal,7,,bangalore:chana_lauki; bangalore:kala_chana_pindi; hyderabad:chana_lauki; hyderabad:kala_chana_pindi; ncr:awadhi_style_chana_masala; ncr:kala_chana_raseedar
chana,veg_gravy,7,,bangalore:black_chana_tariwala; hyderabad:black_chana_tariwala; ncr:black_chana; ncr:chana; ncr:ghiya_chana; ncr:kala_chana_rasedar
kofta,veg_gravy,7,,bangalore:mix_veg_kofta; hyderabad:mix_veg_kofta; ncr:angoori_kofta; ncr:ghiya_kofta; ncr:marwari_kofta; ncr:veg_korn_kofta
rajma,dal,7,,bangalore:rajma_razeela; hyderabad:rajma_razeela; ncr:adraki_rajma; ncr:kamshmiri_rajma_masala; ncr:pahadi_style_rajma_masala; ncr:rajma
sundal,salad,7,,bangalore:peanut_sundal; bangalore:sundal; chennai:karamani_sundal; chennai:peanut_sundal; chennai:white_sundal; hyderabad:peanut_sundal
banana,veg_dry,6,,bangalore:banana_podimas; bangalore:raw_banana_varuval; bangalore:raw_banana_vepudu; hyderabad:banana_podimas; hyderabad:raw_banana_varuval; hyderabad:raw_banana_vepudu
bhindi,veg_dry,6,,bangalore:amchuri_bhindi_dry; bangalore:bhindi_kurkure; bangalore:bhindi_tamater; hyderabad:amchuri_bhindi_dry; hyderabad:bhindi_kurkure; hyderabad:bhindi_tamater
chole,veg_gravy,6,,bangalore:chole; bangalore:punjabi_pindi_chole; hyderabad:chole; hyderabad:punjabi_pindi_chole; ncr:pindi_chole_lipatwan; ncr:punjabi_chole_white
cooler,welcome_drink,6,,bangalore:lychee_lime_cooler; bangalore:mushmelon_cooler; bangalore:watermelon_basil_cooler; hyderabad:lychee_lime_cooler; hyderabad:mushmelon_cooler; hyderabad:watermelon_basil_cooler
cutlet,starter,6,,bangalore:mix_veg_cutlet; bangalore:paneer_cutlet; bangalore:soya_veg_cutlet; hyderabad:mix_veg_cutlet; hyderabad:paneer_cutlet; hyderabad:soya_veg_cutlet
ennegayi,veg_gravy,6,,bangalore:capsicum_ennegayi; bangalore:ennegayi; bangalore:heerekai_ennegayi; hyderabad:capsicum_ennegayi; hyderabad:ennegayi; hyderabad:heerekai_ennegayi
kootu,veg_dry,6,,bangalore:heerekayi_kootu; bangalore:sorekayi_kadale_bele_kootu; bangalore:yam_alsande_kootu; hyderabad:heerekayi_kootu; hyderabad:sorekayi_kadale_bele_kootu; hyderabad:yam_alsande_kootu
kozhi,nonveg_main,6,,bangalore:chettinad_kozhi_kuzhambu; bangalore:kozhi_varutharacha_kuzhambu; bangalore:nati_style_kozhi_saru; hyderabad:chettinad_kozhi_kuzhambu; hyderabad:kozhi_varutharacha_kuzhambu; hyderabad:nati_style_kozhi_saru
millet,healthy_rice,6,,bangalore:herbed_millet_and_bell_pepper; bangalore:masala_millet; bangalore:millet_upma; hyderabad:herbed_millet_and_bell_pepper; hyderabad:masala_millet; hyderabad:millet_upma
miloni,veg_dry,6,,bangalore:miloni_subz_dry; bangalore:subz_miloni_dry; bangalore:sukhi_miloni_subz; hyderabad:miloni_subz_dry; hyderabad:subz_miloni_dry; hyderabad:sukhi_miloni_subz
rice,healthy_rice,6,,bangalore:brown_rice_kanji; bangalore:brown_rice_pulao; bangalore:red_rice_khanji; hyderabad:brown_rice_kanji; hyderabad:brown_rice_pulao; hyderabad:red_rice_khanji
sadam,rice,6,,bangalore:thakkali_sadam; bangalore:thengai_manga_sadam; bangalore:thengai_sadam; hyderabad:thakkali_sadam; hyderabad:thengai_manga_sadam; hyderabad:thengai_sadam
sharbath,welcome_drink,6,,bangalore:mohabbat_ka_sharbath; bangalore:nannari_sharbath; bangalore:nimbu_sharbath; hyderabad:mohabbat_ka_sharbath; hyderabad:nannari_sharbath; hyderabad:nimbu_sharbath
water,veg_gravy,6,,ncr:cucumber_detox_water; ncr:lemon_water; ncr:lemonade_water; ncr:roohafza_water; ncr:sweetlime_water; ncr:water_melon
barfi,dessert,5,,ncr:barfi; ncr:bikaneri_barfi; ncr:bikanri_barfi; ncr:chana_flaxseed_barfi; ncr:khoya_barfi
beans,veg_dry,5,,bangalore:beans_mezhukkupuratti; bangalore:cluster_beans; hyderabad:beans_mezhukkupuratti; hyderabad:cluster_beans; pune:french_beans_dry
bharta,veg_gravy,5,,bangalore:baigan_bharta; hyderabad:baigan_bharta; ncr:baigian_bharta_matar; ncr:punjabi_baingan_bharta; ncr:punjabi_bharta
biryani,nonveg_main,5,,bangalore:ambur_dum_biryani; bangalore:dindigul_thalappakatti_biryani; hyderabad:ambur_dum_biryani; hyderabad:dindigul_thalappakatti_biryani; hyderabad:hyderabadi_dum_biryani
chilli,veg_gravy,5,,bangalore:baby_corn_chilli; bangalore:veg_ball_chilli; hyderabad:baby_corn_chilli; hyderabad:veg_ball_chilli; ncr:chilli_chiken
corn,salad,5,,bangalore:boiled_corn; hyderabad:boiled_corn; ncr:corn_on_the_cob; ncr:corn_on_the_cobe; ncr:corn_relish
jeerasam,rasam,5,,bangalore:jeerasam; chennai:jeerasam; hyderabad:jeerasam; ncr:jeerasam; pune:jeerasam
kadhi,dal,5,,ncr:kadhi_pakoda; ncr:punjabi_kadhi_pakoda; ncr:rajasthani_kadhi; ncr:rajasthani_kadhi_pakoda; ncr:vegetable_sindhi_kadhi
pak,dessert,5,,bangalore:gujarati_amruth_pak; hyderabad:gujarati_amruth_pak; ncr:gaund_pak; ncr:gond_pak; ncr:massor_pak
pappu,dal,5,,hyderabad:dosakaya_pappu; hyderabad:gujarati_pappu; hyderabad:menthikoora_pappu; hyderabad:paalakoora_pappu; hyderabad:thotakura_pappu
raita,curd_side,5,,ncr:aloo_tadka_raita; ncr:jeera_tadka_raita; ncr:kachumber_raita; ncr:onion_tadka_raita; ncr:tadka_raita
raitha,curd_side,5,,bangalore:boondi_raitha; bangalore:raitha; chennai:raitha; hyderabad:boondi_raitha; hyderabad:raitha
tawa,veg_dry,5,,bangalore:tawa_mix_veg; bangalore:tawa_mix_veg_dry; hyderabad:tawa_mix_veg; hyderabad:tawa_mix_veg_dry; pune:tawa_mushroom
angoori,dessert,4,,bangalore:angoori_basundi; bangalore:angoori_rabdi; hyderabad:angoori_basundi; hyderabad:angoori_rabdi
baingan,veg_dry,4,,bangalore:baingan_gunda; hyderabad:baingan_gunda; ncr:kalongi_wale_baingan; pune:baingan_bharta
carrot,salad,4,,bangalore:grated_carrot_and_raisin_sslad; bangalore:radish_carrot_cucumber_and_capsicum; hyderabad:grated_carrot_and_raisin_sslad; hyderabad:radish_carrot_cucumber_and_capsicum
chitranna,rice,4,,bangalore:karivepu_chitranna; bangalore:mavinakayi_chitranna; hyderabad:karivepu_chitranna; hyderabad:mavinakayi_chitranna
chorchori,veg_dry,4,,bangalore:bengali_chorchori_dry; bangalore:chorchori; hyderabad:bengali_chorchori_dry; hyderabad:chorchori
choy,healthy_rice,4,,bangalore:pock_choy_and_tofu_in_black_bean_sauce; bangalore:stirfried_tofu_and_bock_choy; hyderabad:pock_choy_and_tofu_in_black_bean_sauce; hyderabad:stirfried_tofu_and_bock_choy
chutney,bread,4,,bangalore:kali_dosa_with_raw_mango_chutney; bangalore:stuffed_pyaz_paratha_with_mint_chutney; hyderabad:kali_dosa_with_raw_mango_chutney; hyderabad:stuffed_pyaz_paratha_with_mint_chutney
crush,welcome_drink,4,,bangalore:mixed_crush; bangalore:mixed_fruit_crush; hyderabad:mixed_crush; hyderabad:mixed_fruit_crush
curry,starter,4,,bangalore:baked_veg_momos_in_red_thai_curry_sauce; bangalore:singaporean_curry_noodles; hyderabad:baked_veg_momos_in_red_thai_curry_sauce; hyderabad:singaporean_curry_noodles
ghiya,veg_gravy,4,,ncr:ghiya_soya; ncr:ghiya_tamatari; ncr:ghiya_vadi; ncr:ghiya_vadi_rasmissi
huli,dal,4,,bangalore:majige_huli; bangalore:majje_huli; hyderabad:majige_huli; hyderabad:majje_huli
jamoon,dessert,4,,bangalore:angoor_jamoon; bangalore:gulkan_jamoon; hyderabad:angoor_jamoon; hyderabad:gulkan_jamoon
kadhai,veg_dry,4,,bangalore:kadhai_veg; hyderabad:kadhai_veg; ncr:kadhai_nutri_dry; ncr:kadhai_vegetables
kadhai,veg_gravy,4,,ncr:kadhai_chap; ncr:kadhai_nutri; ncr:kadhai_sabziyan; ncr:kadhai_veggies
kalan,veg_gravy,4,,bangalore:kalan_patani_koora; bangalore:mirchi_ka_kalan; hyderabad:kalan_patani_koora; hyderabad:mirchi_ka_kalan
kasta,dessert,4,,bangalore:kasta_gajak; bangalore:kasta_khaja; hyderabad:kasta_gajak; hyderabad:kasta_khaja
kathi,starter,4,,bangalore:mix_veg_kathi_roll; bangalore:veg_kathi_roll; hyderabad:mix_veg_kathi_roll; hyderabad:veg_kathi_roll
khichdi,rice,4,,bangalore:moongdal_khichdi; hyderabad:moongdal_khichdi; ncr:homestyle_khichdi; ncr:special_khichdi
kitchadi,healthy_rice,4,,bangalore:couscous_and_ash_gourd_kitchadi; bangalore:sabudana_dal_kitchadi; hyderabad:couscous_and_ash_gourd_kitchadi; hyderabad:sabudana_dal_kitchadi
kovakkai,veg_dry,4,,bangalore:kovakkai_thoran; bangalore:kovakkai_varuval; hyderabad:kovakkai_thoran; hyderabad:kovakkai_varuval
kuzhambu,dal,4,,bangalore:puzi_kuzhambu; bangalore:sundekkai_kuzhambu; hyderabad:puzi_kuzhambu; hyderabad:sundekkai_kuzhambu
ladhu,dessert,4,,bangalore:motichor_ladhu; bangalore:motichur_ladhu; hyderabad:motichor_ladhu; hyderabad:motichur_ladhu
lemon,infused_water,4,,bangalore:leeks_and_lemon; bangalore:lemon_ginger_zing; hyderabad:leeks_and_lemon; hyderabad:lemon_ginger_zing
lemon,welcome_drink,4,,bangalore:lemon_iced_tea; bangalore:masala_lemon_soda; hyderabad:lemon_iced_tea; hyderabad:masala_lemon_soda
mutter,veg_gravy,4,,bangalore:dingri_mutter; hyderabad:dingri_mutter; ncr:corn_capcicum_mutter; pune:mutter_cauliflower_rassa
onion,salad,4,,hyderabad:lachha_onion_and_lemon; ncr:lachha_onion; ncr:onion_laccha; ncr:onion_ring_masala
pakoda,starter,4,,bangalore:raw_banana_pakoda; bangalore:stuffd_bread_pakoda; hyderabad:raw_banana_pakoda; hyderabad:stuffd_bread_pakoda
pepper,starter,4,,bangalore:mix_veg_salt_and_pepper; bangalore:mix_veg_salt_and_pepper_roasted_in_combi_oven; hyderabad:mix_veg_salt_and_pepper; hyderabad:mix_veg_salt_and_pepper_roasted_in_combi_oven
potato,healthy_rice,4,,bangalore:parsley_potato; bangalore:roasted_potato; hyderabad:parsley_potato; hyderabad:roasted_potato
punch,welcome_drink,4,,bangalore:orange_punch; bangalore:pineapple_punch; hyderabad:orange_punch; hyderabad:pineapple_punch
puri,bread,4,,bangalore:ajwani_puri; bangalore:puri; hyderabad:ajwani_puri; hyderabad:puri
roll,dessert,4,,bangalore:pista_roll; bangalore:swiss_roll; hyderabad:pista_roll; hyderabad:swiss_roll
sauce,veg_gravy,4,,bangalore:crispy_veg_with_hot_garlic_sauce; hyderabad:crispy_veg_with_hot_garlic_sauce; ncr:sauce; ncr:shechwan_sauce
stew,veg_gravy,4,,bangalore:kerala_vegetable_stew; bangalore:vegetable_stew; hyderabad:kerala_vegetable_stew; hyderabad:vegetable_stew
subz,veg_gravy,4,,bangalore:subz_makhanwal; hyderabad:subz_makhanwal; ncr:lauki_ki_subz; ncr:makhni_subz
sukha,veg_dry,4,,bangalore:mix_veg_sukha; bangalore:soyabean_chunk_mutter_sukha; hyderabad:mix_veg_sukha; hyderabad:soyabean_chunk_mutter_sukha
sukhi,veg_dry,4,,bangalore:kachhe_kele_ki_sukhi_subji; bangalore:panchmel_sabz_sukhi; hyderabad:kachhe_kele_ki_sukhi_subji; hyderabad:panchmel_sabz_sukhi
sukka,veg_dry,4,,bangalore:kadle_sukka; bangalore:thondekai_sukka; hyderabad:kadle_sukka; hyderabad:thondekai_sukka
vegetables,veg_gravy,4,,ncr:dhaba_style_bhuna_vegetables; ncr:madrasi_curried_vegetables; ncr:sweet_n_sour_vegetables; ncr:tawa_vegetables
arbi,veg_gravy,3,,ncr:ajwaini_arbi; ncr:arbi_ajwaini; ncr:arbi_ajwani
bhaji,veg_dry,3,,bangalore:tendly_bhaji_marati_style; hyderabad:tendly_bhaji_marati_style; ncr:bhaji
bhurji,nonveg_main,3,,ncr:ande_ki_bhurji; ncr:banarasi_baby_aloo_muli_ki_bhurji; ncr:paneer_bhurji
capsicum,veg_gravy,3,,ncr:capsicum_corn; ncr:nutri_capsicum; pune:stuffed_capsicum
chole,dal,3,,ncr:chole; ncr:homestyle_chole; ncr:peshawari_chole
dal,dessert,3,,bangalore:dal_payasam; chennai:dal_payasam; hyderabad:dal_payasam
idli,bread,3,,chennai:chilli_idli; chennai:tri_color_idli; ncr:fried_idli
imarti,dessert,3,,bangalore:imarti; hyderabad:imarti; ncr:imarti
jalfrezi,veg_dry,3,,bangalore:mix_veg_jalfrezi; hyderabad:mix_veg_jalfrezi; ncr:mushroom_jalfrezi
june,veg_gravy,3,,ncr:june; ncr:stryker_lunch_08_june_to_13_june; ncr:stryker_lunch_15_june_to_20_june
kabab,starter,3,,bangalore:carrot_beetroot_kabab; hyderabad:carrot_beetroot_kabab; hyderabad:sabzi_dahi_kabab
khurma,veg_gravy,3,,ncr:gud_khurma; ncr:gur_khurma; ncr:khurma
kulfi,dessert,3,,bangalore:matka_kulfi; hyderabad:matka_kulfi; ncr:kulfi
laddoo,dessert,3,,bangalore:motichur_laddoo; hyderabad:motichur_laddoo; ncr:sweet_laddoo
lauki,veg_dry,3,,ncr:jeera_lauki; ncr:lauki_jeera; ncr:lauki_tamatri_dry
matar,veg_gravy,3,,ncr:cabage_matar; ncr:cabbage_matar_peas; ncr:matar_mashroom
milk,welcome_drink,3,,bangalore:kesar_badam_milk; hyderabad:kesar_badam_milk; pune:masala_milk
poli,dessert,3,,bangalore:puran_poli; chennai:sweet_poli; hyderabad:puran_poli
rajma,veg_gravy,3,,ncr:boiled_rajma; ncr:rajma_rasile; ncr:rajma_rasmisa
sirka,salad,3,,ncr:sirka_payaz; ncr:sirka_pyaz; ncr:sirka_pyaza
tutti,veg_gravy,3,,ncr:tutti_frutimuf_n; ncr:tutti_frutti_muf_n; ncr:tutti_frutti_muffin
ada,dessert,2,,bangalore:ada_pradanam; hyderabad:ada_pradanam
alugadde,sambar,2,,bangalore:horsegram_with_alugadde_huli; hyderabad:horsegram_with_alugadde_huli
arbi,veg_dry,2,,bangalore:arbi_dry; hyderabad:arbi_dry
arrabiata,rice,2,,bangalore:pasta_arrabiata; hyderabad:pasta_arrabiata
badami,nonveg_soup,2,,bangalore:murgh_badami_shorba; hyderabad:murgh_badami_shorba
badushahi,dessert,2,,bangalore:badushahi; hyderabad:badushahi
bahji,veg_gravy,2,,bangalore:bahji; hyderabad:bahji
bajji,starter,2,,bangalore:turai_bajji; hyderabad:turai_bajji
ball,veg_dry,2,,bangalore:veg_ball_chilli_dry; hyderabad:veg_ball_chilli_dry
bassuru,dal,2,,bangalore:bassuru; hyderabad:bassuru
bautra,bread,2,,bangalore:bautra; hyderabad:bautra
beetroot,bread,2,,bangalore:beetroot_roti; hyderabad:beetroot_roti
bella,welcome_drink,2,,bangalore:bella_panaka; hyderabad:bella_panaka
bhat,rice,2,,bangalore:kothmiri_bhat; hyderabad:kothmiri_bhat
bhendi,veg_dry,2,,pune:bhendi_kurkure; pune:maharashtrian_bhendi
bittergourd,veg_dry,2,,bangalore:bittergourd_dry; hyderabad:bittergourd_dry
black,veg_gravy,2,,ncr:black_cholay; ncr:black_chum_chum
boiled,salad,2,,bangalore:boiled_chickpea; hyderabad:boiled_chickpea
bon,starter,2,,bangalore:mix_veg_bon_bon; hyderabad:mix_veg_bon_bon
bowl,starter,2,,bangalore:burrito_bowl; hyderabad:burrito_bowl
brinji,rice,2,,bangalore:soya_brinji; hyderabad:soya_brinji
bufri,dessert,2,,bangalore:horlicks_bufri; hyderabad:horlicks_bufri
burwan,veg_dry,2,,bangalore:burwan_shimlamirch; hyderabad:burwan_shimlamirch
butter,healthy_rice,2,,bangalore:herbed_butter_vegetable; hyderabad:herbed_butter_vegetable
capsicum,starter,2,,bangalore:stuffed_capsicum; hyderabad:stuffed_capsicum
capsicum,veg_dry,2,,bangalore:mushroom_capsicum_ghee_roast; hyderabad:mushroom_capsicum_ghee_roast
chaas,welcome_drink,2,,bangalore:dhungar_chaas; hyderabad:dhungar_chaas
chach,curd_side,2,,ncr:masala_chach; ncr:namkeen_chach
chandra,dessert,2,,bangalore:chandra_kala; hyderabad:chandra_kala
chatpata,veg_dry,2,,bangalore:mix_veg_chatpata; hyderabad:mix_veg_chatpata
chawal,rice,2,,bangalore:rajma_chawal; hyderabad:rajma_chawal
chikkudu,veg_dry,2,,bangalore:goru_chikkudu_vepudu; hyderabad:goru_chikkudu_vepudu
chilli,sambar,2,,bangalore:paneer_chilli; hyderabad:paneer_chilli
chilli,starter,2,,bangalore:steamed_veg_momos_with_spicy_chilli_dip; hyderabad:steamed_veg_momos_with_spicy_chilli_dip
chilly,salad,2,,ncr:chilly_garlic_macroni; ncr:fried_chilly
chitharana,rice,2,,bangalore:mavinakayi_chitharana; hyderabad:mavinakayi_chitharana
chola,dal,2,,ncr:chola; ncr:chola_home_style
cholley,dal,2,,ncr:cholley; ncr:dhaba_style_cholley
choru,rice,2,,bangalore:nei_choru; hyderabad:nei_choru
chow,rice,2,,bangalore:chow_mein; hyderabad:chow_mein
chowmin,veg_gravy,2,,ncr:chowmin; ncr:veg_chowmin
chum,dessert,2,,bangalore:chum_chum; hyderabad:chum_chum
chumchum,dessert,2,,bangalore:dry_chumchum; hyderabad:dry_chumchum
chuteny,starter,2,,bangalore:chuteny; hyderabad:chuteny
chutney,starter,2,,bangalore:dhokla_with_chutney; hyderabad:dhokla_with_chutney
chutney,veg_gravy,2,,ncr:coconut_tomato_chutney; ncr:shegdana_chutney
cob,healthy_rice,2,,bangalore:grilled_corn_on_the_cob; hyderabad:grilled_corn_on_the_cob
coconut,sambar,2,,bangalore:tomato_coconut_sambar; hyderabad:tomato_coconut_sambar
creamy,dessert,2,,bangalore:creamy_lamcha; hyderabad:creamy_lamcha
cryspe,starter,2,,bangalore:cryspe_veg; hyderabad:cryspe_veg
curdrice,dal,2,,bangalore:curdrice; hyderabad:curdrice
curry,sambar,2,,bangalore:steamed_paruppu_urundai_curry; hyderabad:steamed_paruppu_urundai_curry
cut,salad,2,,bangalore:cut_fruits; hyderabad:cut_fruits
dabeli,starter,2,,bangalore:dabeli; hyderabad:dabeli
dahi,curd_side,2,,ncr:dahi_arbi_gravy; ncr:tadka_dahi
dalma,dal,2,,bangalore:dalma; hyderabad:dalma
dark,veg_gravy,2,,bangalore:mix_veg_in_dark_soya; hyderabad:mix_veg_in_dark_soya
dates,dessert,2,,bangalore:dates_mysorepak; hyderabad:dates_mysorepak
day,welcome_drink,2,,bangalore:holi_day; hyderabad:holi_day
detox,welcome_drink,2,,bangalore:detox_water; hyderabad:detox_water
dhaba,veg_dry,2,,bangalore:dhaba_mix_veg; hyderabad:dhaba_mix_veg
dhaniya,soup,2,,bangalore:dhaniya_shorba; hyderabad:dhaniya_shorba
dil,veg_gravy,2,,ncr:dil_khusal; ncr:dil_khushal
dosekkai,sambar,2,,bangalore:dosekkai_pappu; hyderabad:dosekkai_pappu
double,dessert,2,,bangalore:double_ka_meetha; hyderabad:double_ka_meetha
drumstick,dal,2,,bangalore:drumstick_with_mavinakayi_tovve; hyderabad:drumstick_with_mavinakayi_tovve
ennagai,veg_gravy,2,,bangalore:ennagai; hyderabad:ennagai
fruit,veg_dry,2,,bangalore:jack_fruit_varuval; hyderabad:jack_fruit_varuval
fry,veg_gravy,2,,ncr:kathal_fry; ncr:stir_fry_kung_pao_veg
gappa,starter,2,,bangalore:gol_gappa; hyderabad:gol_gappa
garlic,starter,2,,bangalore:pad_thai_noodle_with_soya_garlic_veg; hyderabad:pad_thai_noodle_with_soya_garlic_veg
geovise,soup,2,,bangalore:minestrone_geovise; hyderabad:minestrone_geovise
goan,nonveg_main,2,,bangalore:goan_vindaloo; hyderabad:goan_vindaloo
golgappa,starter,2,,bangalore:golgappa; hyderabad:golgappa
gourd,veg_dry,2,,bangalore:ridge_gourd_kottu; hyderabad:ridge_gourd_kottu
gourd,veg_gravy,2,,bangalore:ridge_gourd_tovve; hyderabad:ridge_gourd_tovve
huli,curd_side,2,,bangalore:kumblekai_majjige_huli; hyderabad:kumblekai_majjige_huli
icecream,veg_gravy,2,,ncr:assorted_icecream; ncr:icecream
jal,welcome_drink,2,,bangalore:jal_jeera; hyderabad:jal_jeera
jeera,veg_gravy,2,,ncr:jal_jeera; ncr:jeera_potato
jelabi,dessert,2,,bangalore:jelabi; hyderabad:jelabi
jhal,starter,2,,bangalore:jhal_muri; hyderabad:jhal_muri
jilebi,dessert,2,,bangalore:jilebi; hyderabad:jilebi
kadala,veg_dry,2,,bangalore:kadala_thoran; hyderabad:kadala_thoran
kaju,veg_gravy,2,,bangalore:kumbh_kaju_shabnam; hyderabad:kumbh_kaju_shabnam
kalan,sambar,2,,bangalore:kalan; hyderabad:kalan
kalimirch,veg_gravy,2,,bangalore:mix_veg_kalimirch; hyderabad:mix_veg_kalimirch
kasturia,nonveg_main,2,,bangalore:kasturia_kebab; hyderabad:kasturia_kebab
ketchup,starter,2,,bangalore:veg_nuggets_with_ketchup; hyderabad:veg_nuggets_with_ketchup
khaja,dessert,2,,bangalore:puri_khaja; hyderabad:puri_khaja
kharam,veg_dry,2,,bangalore:vankaya_kothimeera_kharam; hyderabad:vankaya_kothimeera_kharam
khoya,veg_gravy,2,,ncr:khoya_cutlet; ncr:khoya_roll
kodiguddu,nonveg_main,2,,bangalore:kothimeera_kodiguddu; hyderabad:kothimeera_kodiguddu
kokum,welcome_drink,2,,ncr:kokum; ncr:kokum_shikanj
kolakkatai,dessert,2,,bangalore:pal_kolakkatai; hyderabad:pal_kolakkatai
kura,veg_gravy,2,,hyderabad:beerakaya_drumstick_kura; hyderabad:vankaya_kura
kurchan,veg_gravy,2,,bangalore:mix_veg_kurchan; hyderabad:mix_veg_kurchan
laccha,salad,2,,ncr:laccha_mooli; ncr:laccha_payaz
laksa,nonveg_soup,2,,bangalore:laksa; hyderabad:laksa
lassi,welcome_drink,2,,bangalore:tadka_lassi; hyderabad:tadka_lassi
lauki,veg_gravy,2,,ncr:tamatari_lauki; ncr:tamatri_lauki
leches,dessert,2,,bangalore:tres_leches; hyderabad:tres_leches
live,starter,2,,bangalore:pani_puri_live; hyderabad:pani_puri_live
luchi,bread,2,,bangalore:luchi; hyderabad:luchi
lunch,welcome_drink,2,,bangalore:special_lunch; hyderabad:special_lunch
luncha,dessert,2,,bangalore:luncha; hyderabad:luncha
makhanwala,veg_gravy,2,,bangalore:veg_makhanwala; hyderabad:veg_makhanwala
malai,dessert,2,,bangalore:malai_sandwich; hyderabad:malai_sandwich
malpua,dessert,2,,bangalore:malpua_with_rabri; hyderabad:malpua_with_rabri
march,veg_gravy,2,,ncr:march; ncr:march_26_april
marinara,healthy_rice,2,,bangalore:stuffed_zucchini_with_marinara_sauce; hyderabad:stuffed_zucchini_with_marinara_sauce
meetha,veg_dry,2,,ncr:katha_meetha_pertha; ncr:sitaphal_khata_meetha
menthyabath,rice,2,,bangalore:menthyabath; hyderabad:menthyabath
menu,veg_gravy,2,,ncr:sael_caf_menu; ncr:sael_menu
mocca,dessert,2,,bangalore:mocca_tiramisu; hyderabad:mocca_tiramisu
molakekalu,veg_gravy,2,,bangalore:molakekalu_saru; hyderabad:molakekalu_saru
moongdal,veg_dry,2,,pune:dodka_moongdal; pune:shepu_moongdal
morney,healthy_rice,2,,bangalore:vegetable_morney; hyderabad:vegetable_morney
nachos,starter,2,,bangalore:nachos_with_salsa; hyderabad:nachos_with_salsa
nicchinunde,starter,2,,bangalore:nicchinunde; hyderabad:nicchinunde
nnssww,bread,2,,bangalore:nnssww; hyderabad:nnssww
noodles,rice,2,,bangalore:paneer_noodles; hyderabad:paneer_noodles
nucchinde,starter,2,,bangalore:nucchinde; hyderabad:nucchinde
onion,starter,2,,bangalore:mix_veg_onion_pokoda; hyderabad:mix_veg_onion_pokoda
onion,veg_gravy,2,,ncr:caramelised_onion_potato; ncr:laccha_onion
pachai,dal,2,,bangalore:pachai_payaru; hyderabad:pachai_payaru
pakora,starter,2,,bangalore:palak_pakora; hyderabad:palak_pakora
palya,veg_dry,2,,bangalore:red_pumpkin_palya; hyderabad:red_pumpkin_palya
panner,veg_gravy,2,,bangalore:panner_do_pyaza; hyderabad:panner_do_pyaza
pasta,salad,2,,ncr:pasta; ncr:white_sauce_pasta
pasta,starter,2,,bangalore:red_pasta; hyderabad:red_pasta
patiala,veg_gravy,2,,bangalore:veg_patiala; hyderabad:veg_patiala
phirni,dessert,2,,bangalore:rose_phirni; hyderabad:rose_phirni
pickle,veg_gravy,2,,ncr:mix_pickle; ncr:pickle_mouth_freshner
pilaf,healthy_rice,2,,bangalore:quinoa_pilaf; hyderabad:quinoa_pilaf
pollo,nonveg_soup,2,,bangalore:zuppa_de_al_pollo; hyderabad:zuppa_de_al_pollo
potato,starter,2,,bangalore:potato_wedges; hyderabad:potato_wedges
pudding,dessert,2,,hyderabad:red_velvet_pudding; ncr:pudding_ala_cream
pulao,healthy_rice,2,,bangalore:redrice_pulao; hyderabad:redrice_pulao
puliyodarai,rice,2,,bangalore:puliyodarai; hyderabad:puliyodarai
pulusu,veg_gravy,2,,hyderabad:munakkaya_pulusu; hyderabad:vankaya_pulusu
rajbhog,dessert,2,,bangalore:rajbhog; hyderabad:rajbhog
raskadam,dessert,2,,bangalore:raskadam; hyderabad:raskadam
ricekheer,dessert,2,,bangalore:ricekheer; hyderabad:ricekheer
roast,starter,2,,bangalore:urulai_roast; hyderabad:urulai_roast
roomali,bread,2,,bangalore:tawa_roomali; hyderabad:tawa_roomali
sabzi,rice,2,,bangalore:sabzi_ki_tehri; hyderabad:sabzi_ki_tehri
saru,rasam,2,,bangalore:tilli_saru; hyderabad:tilli_saru
shaak,veg_dry,2,,bangalore:tindora_nu_shaak; hyderabad:tindora_nu_shaak
sprout,salad,2,,ncr:kala_chana_mix_sprout; ncr:moongdal_sprout
sprouts,salad,2,,bangalore:sprouts; hyderabad:sprouts
tango,welcome_drink,2,,bangalore:tropical_tango; hyderabad:tropical_tango
tempura,starter,2,,bangalore:vegetable_tempura; hyderabad:vegetable_tempura
tempura,veg_dry,2,,bangalore:tempura_vegetables; hyderabad:tempura_vegetables
thandai,welcome_drink,2,,bangalore:thandai; hyderabad:thandai
thiyal,dal,2,,bangalore:ulli_thiyal; hyderabad:ulli_thiyal
tom,soup,2,,bangalore:tom_yum; hyderabad:tom_yum
upma,veg_dry,2,,ncr:seviyan_upma; ncr:upma
watermelon,welcome_drink,2,,bangalore:watermelon_fresh; hyderabad:watermelon_fresh
week,veg_gravy,2,,ncr:may_week; ncr:week
yeruseri,sambar,2,,bangalore:yeruseri; hyderabad:yeruseri
3rd,veg_gravy,1,,ncr:monday_3rd
4th,veg_gravy,1,,ncr:tuesday_4th
5th,veg_gravy,1,,ncr:wednesday_5th
6th,veg_gravy,1,,ncr:thursday_6th
7th,veg_gravy,1,,ncr:friday_7th
achaar,veg_gravy,1,,ncr:mirch_ka_achaar
achaarialoo,veg_gravy,1,,ncr:achaarialoo
adraki,veg_gravy,1,,ncr:adraki_gobi
aloo,curd_side,1,,ncr:kadahi_shimla_aloo
aloo,rice,1,,ncr:gobi_aloo_masala
amritshari,dal,1,,ncr:amritshari_chiley
amti,dal,1,,pune:amti
arisiparupu,rice,1,,chennai:arisiparupu_satham
avail,veg_dry,1,,ncr:veg_avail
avail,veg_gravy,1,,ncr:avail
avicha,starter,1,,chennai:avicha_kadalai
bagare,veg_gravy,1,,ncr:bagare_baingan
baji,starter,1,,chennai:pazham_pori_baji
balls,starter,1,,hyderabad:cheese_balls
balusagi,dessert,1,,hyderabad:balusagi
balushahi,veg_gravy,1,,ncr:pista_balushahi
bananacake,dessert,1,,ncr:bananacake
beans,salad,1,,ncr:kidney_beans_relish
beas,veg_gravy,1,,ncr:beas_bur
beerakaya,dal,1,,hyderabad:beerakaya_senagapappu
besan,dessert,1,,ncr:dahi_besan_guttey_ki_subz
beverage,veg_gravy,1,,ncr:beverage
beverages,veg_gravy,1,,ncr:beverages
bhaji,dal,1,,ncr:mumbai_style_bhaji
bharwa,veg_dry,1,,ncr:bharwa_simla_mirch
bhindi,veg_gravy,1,,ncr:bhindi
bhuna,veg_gravy,1,,pune:veg_bhuna
bobby,papad,1,,pune:bobby
boondi,veg_gravy,1,,ncr:rajasthani_boondi_laddo
bread,salad,1,,ncr:brown_bread_veg_cole_slaw_sandwich
browine,veg_gravy,1,,ncr:browine
cabbage,salad,1,,hyderabad:cabbage_khimchi
carrat,veg_gravy,1,,ncr:carrat
chaach,veg_gravy,1,,ncr:plain_chaach
cham,veg_gravy,1,,ncr:white_cham_cham
chane,dal,1,,ncr:kale_chane_tariwala
chavali,veg_dry,1,,pune:chavali_sheng_dry
chettinad,veg_dry,1,,pune:suran_chettinad
chettinadaloo,veg_gravy,1,,ncr:chettinadaloo
chhole,dal,1,,hyderabad:chhole_masala
chikki,veg_gravy,1,,ncr:peanuts_chikki
chilli,salad,1,,ncr:fried_chilli
chinese,veg_gravy,1,,ncr:chinese_veg_in_sweet_n_sour
choco,veg_gravy,1,,ncr:choco_muffin
churma,veg_gravy,1,,ncr:churma
chutney,salad,1,,ncr:coconut_chutney_tomato_chutney
cirry,veg_gravy,1,,ncr:konkani_veg_cirry
cocktail,salad,1,,ncr:macaroni_e_cocktail_sauce
colour,bread,1,,chennai:tri_colour_uttappam
crisp,veg_gravy,1,,ncr:crisp
crisps,veg_gravy,1,,ncr:crisps
crudittes,salad,1,,ncr:veg_crudittes
curdites,curd_side,1,,ncr:veg_curdites
curry,dal,1,,ncr:sindhi_curry
custard,dessert,1,,ncr:strawberry_flavoured_custard
custerd,veg_gravy,1,,ncr:custerd
dalmakhani,veg_gravy,1,,ncr:dalmakhani
dar,veg_dry,1,,ncr:gheeya_latpata_masale_dar
date,veg_gravy,1,,ncr:date
days,veg_gravy,1,,ncr:days
dilkhushad,veg_gravy,1,,ncr:dilkhushad
donuts,dessert,1,,chennai:sweet_donuts
double,veg_gravy,1,,ncr:double_ka_mitha
drink,veg_gravy,1,,ncr:mago_drink
due,veg_gravy,1,,ncr:non_veg_not_serving_due_to_navratri
dum,nonveg_main,1,,hyderabad:hyderabadi_dum_pulao
firni,veg_gravy,1,,ncr:firni
fodanich,dal,1,,pune:fodanich_waran
fruits,dessert,1,,ncr:manesar_fruits
fryems,veg_gravy,1,,ncr:fryems
frymes,salad,1,,ncr:frymes
frymus,veg_gravy,1,,ncr:frymus
games,veg_gravy,1,,ncr:junglee_games
ghewada,veg_dry,1,,pune:shravani_ghewada
gourmer,veg_gravy,1,,ncr:styker_x_gourmer_services
gulab,welcome_drink,1,,ncr:gulab_sherbat
guvava,veg_gravy,1,,ncr:guvava
holi,dal,1,,ncr:holi
hospitality,veg_gravy,1,,ncr:d_star_hospitality
imarthi,dessert,1,,ncr:imarthi
july,veg_gravy,1,,ncr:stryker_lunch_20_july_to_25_july
kachori,veg_gravy,1,,ncr:mawa_kachori
kheema,veg_dry,1,,pune:veg_kheema
khus,veg_gravy,1,,ncr:khus_sharbat
kimchi,salad,1,,hyderabad:veg_kimchi
kishmish,veg_gravy,1,,ncr:kishmish
kodikura,nonveg_main,1,,hyderabad:kothmeera_kodikura
kosha,nonveg_main,1,,hyderabad:kosha_murgir
kung,dal,1,,ncr:vegetable_kung_pao_sauce
lemon,bread,1,,chennai:lemon_poha
lentil,dal,1,,ncr:lentil
maal,veg_gravy,1,,ncr:maal_pua
macroni,veg_gravy,1,,ncr:macroni
malai,veg_gravy,1,,ncr:ras_malai
manesar,veg_gravy,1,,ncr:new_vendor_at_manesar
mangodi,veg_gravy,1,,ncr:mangodi
mangodialoo,veg_gravy,1,,ncr:mangodialoo
maratha,veg_gravy,1,,pune:veg_maratha
matar,dal,1,,ncr:patila_matar
matar,veg_dry,1,,ncr:nutrella_matar
melon,veg_gravy,1,,ncr:musk_melon
methi,veg_dry,1,,pune:methi_tomato
milijuli,veg_gravy,1,,ncr:milijuli_sabziyan
milkcake,dessert,1,,ncr:milkcake
mohanthal,veg_gravy,1,,ncr:mohanthal
muffins,veg_gravy,1,,ncr:muffins
navratre,veg_gravy,1,,ncr:navratre_thali
nimboo,veg_gravy,1,,ncr:nimboo_paani
noodles,veg_gravy,1,,ncr:street_style_noodles
olives,veg_gravy,1,,ncr:olives
pakeeza,veg_gravy,1,,ncr:pakeeza
paneer,veg_dry,1,,pune:saoji_paneer
pao,bread,1,,ncr:roasted_pao
para,dessert,1,,hyderabad:sakkar_para
pasta,veg_gravy,1,,ncr:vegetable_pasta
patisa,veg_gravy,1,,ncr:patisa
patodi,veg_gravy,1,,pune:patodi
pickel,veg_gravy,1,,ncr:pickel_sachet
plates,veg_gravy,1,,ncr:5_plates
pulihora,rice,1,,hyderabad:pulihora
rabdi,veg_gravy,1,,ncr:rabdi
rajbhog,veg_gravy,1,,ncr:rajbhog
rasbhari,veg_gravy,1,,ncr:rasbhari
rasgulaa,veg_gravy,1,,ncr:rasgulaa
rasmadhuri,veg_gravy,1,,ncr:rasmadhuri
rce,rice,1,,ncr:plain_rce
roohafza,rice,1,,ncr:roohafza
rshbhari,veg_gravy,1,,ncr:rshbhari
samber,dal,1,,ncr:samber
sewiyan,veg_gravy,1,,ncr:sewiyan
sour,dal,1,,ncr:hot_sour_veg
subz,rice,1,,ncr:subz_ki_thari
tak,veg_dry,1,,ncr:veg_taka_tak
takatak,veg_dry,1,,ncr:veg_takatak
tawa,veg_gravy,1,,ncr:tawa_mix_veg
thandai,veg_gravy,1,,ncr:thandai
upma,veg_gravy,1,,ncr:veg_upma
vegjalfrezi,veg_gravy,1,,ncr:vegjalfrezi
watermelon,veg_gravy,1,,ncr:watermelon
mixed_veg,veg_dry,1,,bangalore:mixed_veg
c,bread,1,,bangalore:c
mixed_veg,veg_dry,1,,hyderabad:mixed_veg
c,bread,1,,hyderabad:c
dry_veg,veg_gravy,1,,ncr:dry_veg
mix_veg,veg_dry,1,,ncr:mix_veg
special,veg_gravy,1,,ncr:special
vegetable,veg_gravy,1,,ncr:vegetable
mix_veg,veg_gravy,1,,pune:mix_veg
