city,item,course_type,why_not_filled,cuisine_family
ncr,aachari_petha,dessert,no evidence,
ncr,achari_hara_petha,dessert,no evidence,
ncr,achari_laccha_pyaj,salad,carries a chinese/continental flag,
ncr,achari_onion_salad,salad,carries a chinese/continental flag,
ncr,achari_petha,dessert,no evidence,
ncr,achari_petha_masala,dessert,no evidence,
ncr,achari_pyaz,salad,carries a chinese/continental flag,
ncr,achari_pyaza,salad,carries a chinese/continental flag,
ncr,agar_ka_petha,dessert,no evidence,
ncr,aloo_chana_chaat,salad,carries a chinese/continental flag,
ncr,aloo_dahi_wala,curd_side,no evidence,
ncr,aloo_jeera_raita,curd_side,no evidence,
ncr,aloo_raita,curd_side,no evidence,
ncr,aloo_tadka_raita,curd_side,no evidence,
ncr,amchoori_karela,veg_dry,no evidence,
ncr,anna_salad,salad,carries a chinese/continental flag,
ncr,arbi_dahi_wali,curd_side,no evidence,
ncr,atta_ladoo,dessert,no evidence,
ncr,badami_halwa,dessert,no evidence,
ncr,badami_moong_dal_barfi,dessert,no evidence,
ncr,bananacake,dessert,no evidence,
ncr,barfi,dessert,no evidence,
ncr,beetroot_raita_witrh_kari_leave_rai_tadka,curd_side,no evidence,
ncr,beetroot_sirka_onion,salad,carries a chinese/continental flag,
ncr,bharwa_karela,veg_dry,no evidence,
ncr,bhelpuri_salad,salad,carries a chinese/continental flag,
ncr,bhindi_ki_sabzi,veg_dry,no evidence,
ncr,bhindi_pyaaz_masala,veg_dry,no evidence,
ncr,bikaneri_barfi,dessert,no evidence,
ncr,bikanri_barfi,dessert,no evidence,
ncr,boiled_hara_moong_salad,salad,carries a chinese/continental flag,
ncr,bottlegourd_raita,curd_side,no evidence,
ncr,brown_bread_veg_cole_slaw_sandwich,salad,carries a chinese/continental flag,
ncr,carrot_and_peas_salad,salad,carries a chinese/continental flag,
ncr,chana_flaxseed_barfi,dessert,no evidence,
ncr,chatpata_petha,dessert,no evidence,
ncr,chaulai_ke_ladoo,dessert,no evidence,
ncr,chicken_fried_rice,nonveg_main,no evidence,
ncr,chilli_chiken,veg_gravy,carries a chinese/continental flag,
ncr,chilli_soya_chunk_gravy,veg_gravy,carries a chinese/continental flag,
ncr,chilly_garlic_macroni,salad,carries a chinese/continental flag,
ncr,chopped_salad,salad,carries a chinese/continental flag,
ncr,coconut_chutney_tomato_chutney,salad,carries a chinese/continental flag,
ncr,corn_n_peanut_salad,salad,carries a chinese/continental flag,
ncr,corn_on_the_cob,salad,carries a chinese/continental flag,
ncr,corn_on_the_cobe,salad,carries a chinese/continental flag,
ncr,corn_pepper_salad,salad,carries a chinese/continental flag,
ncr,corn_relish,salad,carries a chinese/continental flag,
ncr,creamy_mint_cucumber,veg_gravy,carries a chinese/continental flag,
ncr,creamy_onion_salad,salad,carries a chinese/continental flag,
ncr,creamy_palak_corn,veg_gravy,carries a chinese/continental flag,
ncr,crisp,veg_gravy,carries a chinese/continental flag,
ncr,cube_green_salad,salad,carries a chinese/continental flag,
ncr,cucumber_soup,soup,no evidence,
ncr,dahi_arbi_gravy,curd_side,no evidence,
ncr,dahi_papadi,curd_side,no evidence,
ncr,dhania_masala_raita,curd_side,no evidence,
ncr,dry_fruit_pulao,dessert,no evidence,
ncr,fresh_green,salad,carries a chinese/continental flag,
ncr,fried_aloo_gobi,veg_dry,carries a chinese/continental flag,
ncr,fried_aloo_pudhina,veg_dry,carries a chinese/continental flag,
ncr,fried_arbi_do_pyaza,veg_dry,carries a chinese/continental flag,
ncr,fried_chilli,salad,carries a chinese/continental flag,
ncr,fried_chilly,salad,carries a chinese/continental flag,
ncr,fried_gobi_matar,veg_dry,carries a chinese/continental flag,
ncr,fried_jeera_aloo,veg_dry,carries a chinese/continental flag,
ncr,fried_karela_masala,veg_dry,carries a chinese/continental flag,
ncr,frymes,salad,carries a chinese/continental flag,
ncr,garlic_mayo_lemon_honey_mustard_vinegraite,veg_gravy,carries a chinese/continental flag,
ncr,gaund_pak,dessert,no evidence,
ncr,gheeya_latpata_masale_dar,veg_dry,no evidence,
ncr,ghiya_chana_coot,veg_dry,no evidence,
ncr,ghiya_masala_chatpatta,veg_dry,no evidence,
ncr,ghiya_raita,curd_side,no evidence,
ncr,gond_pak,dessert,no evidence,
ncr,green_ch,salad,carries a chinese/continental flag,
ncr,green_cube_salad,salad,carries a chinese/continental flag,
ncr,green_cube_salad_corn_chaat_salad,salad,carries a chinese/continental flag,
ncr,green_gardan_salad,salad,carries a chinese/continental flag,
ncr,green_laccha_salad,salad,carries a chinese/continental flag,
ncr,green_laccha_salad_mix_corn_salad,salad,carries a chinese/continental flag,
ncr,green_salad_tandoori_salad,salad,carries a chinese/continental flag,
ncr,green_slice_salad,salad,carries a chinese/continental flag,
ncr,green_slices_salad,salad,carries a chinese/continental flag,
ncr,green_stick_salad,salad,carries a chinese/continental flag,
ncr,green_sticks_salad,salad,carries a chinese/continental flag,
ncr,grrn_salad_tandoori_salad,salad,carries a chinese/continental flag,
ncr,gulab_sherbat,welcome_drink,course has no agreed convention,
ncr,halwa,dessert,no evidence,
ncr,hari_moong_dal_chaat,salad,carries a chinese/continental flag,
ncr,imarthi,dessert,no evidence,
ncr,jaipuri_bhindi_masala,veg_dry,no evidence,
ncr,jaljeera_treat,welcome_drink,course has no agreed convention,
ncr,jeera_boondi_raita,curd_side,no evidence,
ncr,jeera_tadka_raita,curd_side,no evidence,
ncr,jodhpuri_ladoo,dessert,no evidence,
ncr,kachumber_chaat,salad,carries a chinese/continental flag,
ncr,kachumber_raita,curd_side,no evidence,
ncr,kadahi_chaap,curd_side,no evidence,
ncr,kadahi_shimla_aloo,curd_side,no evidence,
ncr,kadhai_nutri_dry,veg_dry,no evidence,
ncr,kadhai_vegetables,veg_dry,carries a chinese/continental flag,
ncr,kala_chana_mix_sprout,salad,carries a chinese/continental flag,
ncr,kala_chana_sprout_mix_salad,salad,carries a chinese/continental flag,
ncr,kalachana_moong_sprouts_salad,salad,carries a chinese/continental flag,
ncr,kalachanna_moong_sprouts_salad,salad,carries a chinese/continental flag,
ncr,kalachanna_salad,salad,carries a chinese/continental flag,
ncr,katha_meetha_pertha,veg_dry,no evidence,
ncr,katha_meetha_petha,dessert,no evidence,
ncr,kathal_masala,veg_dry,no evidence,
ncr,keasar_halwa,dessert,no evidence,
ncr,kesar_halwa,dessert,no evidence,
ncr,kesri_petha,dessert,no evidence,
ncr,kesri_phirni,dessert,no evidence,
ncr,khata_mitha_pumpkin,veg_dry,no evidence,
ncr,khathal_masala,veg_dry,no evidence,
ncr,khatta_meetha_petha,dessert,no evidence,
ncr,khatta_meetha_pumpkin,veg_dry,no evidence,
ncr,khatta_mitha_pumpkin,veg_dry,no evidence,
ncr,kheer,dessert,no evidence,
ncr,kheera_raita,curd_side,no evidence,
ncr,kheera_raita_lemon_water,curd_side,no evidence,
ncr,khoya_barfi,dessert,no evidence,
ncr,kidney_beans_relish,salad,carries a chinese/continental flag,
ncr,kidney_beans_salad,salad,carries a chinese/continental flag,
ncr,kokum,welcome_drink,course has no agreed convention,
ncr,kokum_shikanj,welcome_drink,course has no agreed convention,
ncr,kokum_shikanji,welcome_drink,course has no agreed convention,
ncr,kulfi,dessert,no evidence,
ncr,kundru_masala,veg_dry,no evidence,
ncr,laccha_mooli,salad,carries a chinese/continental flag,
ncr,laccha_payaz,salad,carries a chinese/continental flag,
ncr,lachha_onion,salad,no evidence,
ncr,lachha_onion_mint_chatney,salad,carries a chinese/continental flag,
ncr,lachhaa_pyaaz_and_kachumber_salad,salad,carries a chinese/continental flag,
ncr,ladoo,dessert,no evidence,
ncr,lauki_tamatri_dry,veg_dry,no evidence,
ncr,lemon_mint_mojito,welcome_drink,carries a chinese/continental flag,
ncr,lemon_water,veg_gravy,carries a chinese/continental flag,
ncr,loki_raita,curd_side,no evidence,
ncr,macaroni_e_cocktail_sauce,salad,carries a chinese/continental flag,
ncr,manchurian,veg_gravy,carries a chinese/continental flag,
ncr,manesar_fruits,dessert,no evidence,
ncr,masala_chach,curd_side,no evidence,
ncr,masala_raita_aam_panna,curd_side,no evidence,
ncr,massor_pak,dessert,no evidence,
ncr,matri_chaat,salad,carries a chinese/continental flag,
ncr,milkcake,dessert,no evidence,
ncr,mix_green_kachumber_salad,salad,carries a chinese/continental flag,
ncr,mix_raita,curd_side,no evidence,
ncr,mix_toss_salad,salad,carries a chinese/continental flag,
ncr,moong_dal_chaat,salad,carries a chinese/continental flag,
ncr,moong_dal_kosambri_salad,salad,carries a chinese/continental flag,
ncr,moong_dal_sprouts,salad,carries a chinese/continental flag,
ncr,moongdal_sprout,salad,carries a chinese/continental flag,
ncr,moti_chur_ladoo,dessert,no evidence,
ncr,namkeen_chach,curd_side,no evidence,
ncr,nutri_masala,veg_dry,no evidence,
ncr,onion_laccha,salad,carries a chinese/continental flag,
ncr,onion_ring_masala,salad,carries a chinese/continental flag,
ncr,onion_tadka_raita,curd_side,no evidence,
ncr,pao_bhaji,veg_gravy,carries a chinese/continental flag,
ncr,papad_chaat,salad,carries a chinese/continental flag,
ncr,papri_chaat,salad,carries a chinese/continental flag,
ncr,pasta,salad,carries a chinese/continental flag,
ncr,pasyam_kheer,dessert,no evidence,
ncr,paysam_kheer,dessert,no evidence,
ncr,paysam_kheer_cold,dessert,no evidence,
ncr,paysum_kheer,dessert,no evidence,
ncr,peanut_corn_salad,salad,carries a chinese/continental flag,
ncr,peenut_chaat,salad,carries a chinese/continental flag,
ncr,petha,dessert,no evidence,
ncr,petha_khatta_meetha,dessert,no evidence,
ncr,petha_masala,dessert,no evidence,
ncr,phirni_cold,dessert,no evidence,
ncr,pineapple_cheese_corn_salad,salad,carries a chinese/continental flag,
ncr,pineapple_corn_cheese_salad,salad,carries a chinese/continental flag,
ncr,punjabi_sweet_lassi,welcome_drink,course has no agreed convention,
ncr,pysam_kheer,dessert,no evidence,
ncr,rawa_coconut_halwa,dessert,no evidence,
ncr,rawa_halwa,dessert,no evidence,
ncr,rawa_kesri_halwa,dessert,no evidence,
ncr,roasted_bellpepper_and_corn_salad,salad,carries a chinese/continental flag,
ncr,sabudana_sevaiyan_kheer,dessert,no evidence,
ncr,salad_station,salad,carries a chinese/continental flag,
ncr,sauce,veg_gravy,carries a chinese/continental flag,
ncr,schezwan_sauce,veg_gravy,carries a chinese/continental flag,
ncr,sevaiyan_kheer,dessert,no evidence,
ncr,seviyan_upma,veg_dry,no evidence,
ncr,sirka_onion_beetroot_salad,salad,carries a chinese/continental flag,
ncr,sirka_payaz,salad,carries a chinese/continental flag,
ncr,sirka_pyaz,salad,carries a chinese/continental flag,
ncr,sirka_pyaza,salad,carries a chinese/continental flag,
ncr,sitaphal_khata_meetha,veg_dry,no evidence,
ncr,soyawadi_jaipuri,veg_dry,no evidence,
ncr,spinach_corn,veg_gravy,carries a chinese/continental flag,
ncr,sponge_rasgulla,dessert,no evidence,
ncr,sprour_corn_mix_salad,salad,carries a chinese/continental flag,
ncr,sprourts_corn_mix_salad,salad,carries a chinese/continental flag,
ncr,sprout_corn_mix_salad,salad,carries a chinese/continental flag,
ncr,steam_corn_and_pepper_salad,salad,carries a chinese/continental flag,
ncr,steam_rice_onion_rice,rice,no evidence,
ncr,suji_kheer,dessert,no evidence,
ncr,sweet_corn_and_veggies_salad,salad,carries a chinese/continental flag,
ncr,tadka_dahi,curd_side,no evidence,
ncr,tadka_raita,curd_side,no evidence,
ncr,tawa_vegetables,veg_gravy,carries a chinese/continental flag,
ncr,tempered_chana_salad,salad,carries a chinese/continental flag,
ncr,tempered_raita,curd_side,no evidence,
ncr,tempered_salad,salad,carries a chinese/continental flag,
ncr,thandi_phirni,dessert,no evidence,
ncr,three_beans_peppers_salad,salad,carries a chinese/continental flag,
ncr,threebean_salad,salad,carries a chinese/continental flag,
ncr,threebeans_mix_salad,salad,carries a chinese/continental flag,
ncr,tinda_masala,veg_dry,no evidence,
ncr,tori_masala,veg_dry,no evidence,
ncr,tossed_macroni,veg_gravy,carries a chinese/continental flag,
ncr,upma,veg_dry,no evidence,
ncr,veg_avail,veg_dry,no evidence,
ncr,veg_crudittes,salad,carries a chinese/continental flag,
ncr,veg_curdites,curd_side,no evidence,
ncr,veg_taka_tak,veg_dry,no evidence,
ncr,veg_takatak,veg_dry,no evidence,
ncr,vegetable,veg_gravy,carries a chinese/continental flag,
ncr,vegetable_gravy_in_kung_pao_sauce,veg_gravy,carries a chinese/continental flag,
ncr,vegetable_kofta,veg_gravy,carries a chinese/continental flag,
ncr,vegetable_kofta_curry,veg_gravy,carries a chinese/continental flag,
ncr,vegetable_korma,veg_gravy,carries a chinese/continental flag,
ncr,vegetable_pasta,veg_gravy,carries a chinese/continental flag,
ncr,vermicelli_kheer,dessert,no evidence,
ncr,vermicilli_kheer,dessert,no evidence,
ncr,white_sauce_pasta,salad,carries a chinese/continental flag,
ncr,zeera_raita,curd_side,no evidence,
