verdict,city,dish,form,names,courses,proteins,proposed_name,rows_removed_if_merged,why_not_a_merge
DUPLICATE - approve a name to merge,bangalore,achari|bhindi,,achari_bhindi | bhindi_achari,veg_dry,(blank),achari_bhindi,1,
DUPLICATE - approve a name to merge,bangalore,adraki|dal,,adraki_dal | dal_adraki,dal,toor_dal,adraki_dal,1,
DUPLICATE - approve a name to merge,bangalore,afghani|paneer,,afghani_paneer | paneer_afghani,veg_gravy,paneer,afghani_paneer,1,
DUPLICATE - approve a name to merge,bangalore,aloo|drumstick|sambar,,aloo_drumstick_sambar | drumstick_aloo_sambar,sambar,(blank),aloo_drumstick_sambar,1,
DUPLICATE - approve a name to merge,bangalore,aloo|dum,,aloo_dum | dum_aloo,veg_gravy,(blank),aloo_dum,1,
DUPLICATE - approve a name to merge,bangalore,aloo|dum|kashmiri,,dum_aloo_kashmiri | kashmiri_dum_aloo,veg_gravy,(blank),dum_aloo_kashmiri,1,
DUPLICATE - approve a name to merge,bangalore,aloo|gobi|mutter,,aloo_gobi_mutter | gobi_aloo_mutter,veg_dry,(blank),aloo_gobi_mutter,1,
DUPLICATE - approve a name to merge,bangalore,aloo|methi,dry,aloo_methi_dry | methi_aloo_dry,veg_dry,(blank),aloo_methi_dry,1,
DUPLICATE - approve a name to merge,bangalore,aloo|mutter,,aloo_mutter | mutter_aloo,veg_gravy,(blank),aloo_mutter,1,
DUPLICATE - approve a name to merge,bangalore,ambur|veg,biryani,ambur_veg_biryani | veg_ambur_biryani,rice,(blank),ambur_veg_biryani,1,
DUPLICATE - approve a name to merge,bangalore,amritsari|chicken,,amritsari_chicken | chicken_amritsari,nonveg_main,chicken,amritsari_chicken,1,
DUPLICATE - approve a name to merge,bangalore,amritsari|dal,,amritsari_dal | dal_amritsari,dal,(blank),amritsari_dal,1,
DUPLICATE - approve a name to merge,bangalore,andhra|chicken,curry,andhra_chicken_curry | andhra_kodi_curry,nonveg_main,chicken,andhra_chicken_curry,1,
DUPLICATE - approve a name to merge,bangalore,and|beetroot|cucumber,salad,beetroot_and_cucumber_salad | cucumber_and_beetroot_salad,salad,(blank),beetroot_and_cucumber_salad,1,
DUPLICATE - approve a name to merge,bangalore,and|corn|fried|onion|spring,rice,corn_and_spring_onion_fried_rice | spring_onion_and_corn_fried_rice,rice,(blank),corn_and_spring_onion_fried_rice,1,
DUPLICATE - approve a name to merge,bangalore,and|cucumber|lemon|onion,salad,cucumber_onion_and_lemon_salad | onion_cucumber_and_lemon_salad | onion_lemon_and_cucumber_salad,salad,(blank),cucumber_onion_and_lemon_salad,2,
DUPLICATE - approve a name to merge,bangalore,awadhi|chicken|korma,,awadhi_murgh_korma | murgh_awadhi_korma,nonveg_main,chicken,awadhi_murgh_korma,1,
DUPLICATE - approve a name to merge,bangalore,beans|carrot|poriyal,,beans_carrot_poriyal | carrot_beans_poriyal,veg_dry,(blank),beans_carrot_poriyal,1,
DUPLICATE - approve a name to merge,bangalore,beetroot|carrot|cucumber,salad,carrot_beetroot_cucumber_salad | cucumber_carrot_beetroot_salad,salad,(blank),carrot_beetroot_cucumber_salad,1,
DUPLICATE - approve a name to merge,bangalore,bhindi|kurkure,,bhindi_kurkure | kurkure_bhindi,veg_dry,(blank),bhindi_kurkure,1,
DUPLICATE - approve a name to merge,bangalore,bhuna|chicken,masala,bhuna_chicken_masala | bhuna_murgh_masala | chicken_bhuna_masala,nonveg_main,chicken,bhuna_chicken_masala,2,
DUPLICATE - approve a name to merge,bangalore,bhuna|egg,masala,anda_bhuna_masala | bhuna_anda_masala | egg_bhuna_masala,nonveg_main,egg,egg_bhuna_masala,2,
DUPLICATE - approve a name to merge,bangalore,butter|chicken,masala,butter_chicken_masala | chicken_butter_masala,nonveg_main,chicken,butter_chicken_masala,1,
DUPLICATE - approve a name to merge,bangalore,butter|naan|tawa,,butter_tawa_naan | tawa_butter_naan,bread,(blank),butter_tawa_naan,1,
DUPLICATE - approve a name to merge,bangalore,cabbage|carrot|palya,,cabbage_carrot_palya | carrot_cabbage_palya,veg_dry,(blank),cabbage_carrot_palya,1,
DUPLICATE - approve a name to merge,bangalore,capsicum|corn,masala,capsicum_corn_masala | corn_capsicum_masala,veg_gravy,(blank),capsicum_corn_masala,1,
DUPLICATE - approve a name to merge,bangalore,chaat|dahi|samosa,,dahi_samosa_chaat | samosa_dahi_chaat,starter,yogurt,dahi_samosa_chaat,1,
DUPLICATE - approve a name to merge,bangalore,chana|dal,masala,chana_dal_masala | dal_chana_masala,dal,chana_dal,chana_dal_masala,1,
DUPLICATE - approve a name to merge,bangalore,chettinad|chicken,,chettinad_chicken | chicken_chettinad,nonveg_main,chicken,chettinad_chicken,1,
DUPLICATE - approve a name to merge,bangalore,chettinad|chicken,curry,chettinad_chicken_curry | chicken_chettinad_curry,nonveg_main,chicken,chettinad_chicken_curry,1,
DUPLICATE - approve a name to merge,bangalore,chettinad|paneer,,chettinad_paneer | paneer_chettinad,veg_gravy,paneer,chettinad_paneer,1,
DUPLICATE - approve a name to merge,bangalore,chettinad|veg,biryani,chettinad_veg_biryani | veg_chettinad_biryani,rice,(blank),chettinad_veg_biryani,1,
DUPLICATE - approve a name to merge,bangalore,chicken,curry,chicken_curry | kukkad_curry,nonveg_main,chicken,chicken_curry,1,
DUPLICATE - approve a name to merge,bangalore,chicken|chilli,,chicken_chilli | chilli_chicken,nonveg_main,chicken,chicken_chilli,1,
DUPLICATE - approve a name to merge,bangalore,chicken|coconut,curry,chicken_coconut_curry | coconut_chicken_curry,nonveg_main,chicken,chicken_coconut_curry,1,
DUPLICATE - approve a name to merge,bangalore,chicken|dhaba,,dhaba_murgh | murgh_dhaba,nonveg_main,chicken,dhaba_murgh,1,
DUPLICATE - approve a name to merge,bangalore,chicken|donne,biryani,chicken_donne_biryani | donne_chicken_biryani,nonveg_main,chicken,chicken_donne_biryani,1,
DUPLICATE - approve a name to merge,bangalore,chicken|dopyaza,,chicken_do_pyaza | murgh_do_pyaza,nonveg_main,chicken,chicken_do_pyaza,1,
DUPLICATE - approve a name to merge,bangalore,chicken|dum,biryani,dum_chicken_biryani | murgh_dum_biryani,nonveg_main,chicken,dum_chicken_biryani,1,
DUPLICATE - approve a name to merge,bangalore,chicken|dum|hyd,biryani,hyd_chicken_dum_biryani | hyd_dum_chicken_biryani,nonveg_main,chicken,hyd_chicken_dum_biryani,1,
DUPLICATE - approve a name to merge,bangalore,chicken|dum|ka,,dum_ka_chicken | dum_ka_murgh,nonveg_main,chicken,dum_ka_chicken,1,
DUPLICATE - approve a name to merge,bangalore,chicken|handi,,chicken_handi | handi_murgh,nonveg_main,chicken,chicken_handi,1,
DUPLICATE - approve a name to merge,bangalore,chicken|hariyali,,chicken_hariyali | hariyali_chicken,nonveg_main,chicken,chicken_hariyali,1,
DUPLICATE - approve a name to merge,bangalore,chicken|hariyali,curry,harayali_chicken_curry | hariyali_chicken_curry,nonveg_main,chicken,harayali_chicken_curry,1,
DUPLICATE - approve a name to merge,bangalore,chicken|hariyali,masala,hariyali_chicken_masala | hariyali_murgh_masala | haryali_chicken_masala,nonveg_main,chicken,hariyali_chicken_masala,2,
DUPLICATE - approve a name to merge,bangalore,chicken|hariyali,tikka,hariyali_chicken_tikka | murgh_haryali_tikka,nonveg_main,chicken,hariyali_chicken_tikka,1,
DUPLICATE - approve a name to merge,bangalore,chicken|hotsour,,chicken_hot_and_sour | hot_and_sour_chicken,nonveg_soup,chicken,chicken_hot_and_sour,1,
DUPLICATE - approve a name to merge,bangalore,chicken|hyderabadi|korma,,hyderabadi_chicken_korma | hyderabadi_murgh_korma,nonveg_main,chicken,hyderabadi_chicken_korma,1,
DUPLICATE - approve a name to merge,bangalore,chicken|jalfrezi,,chicken_jalfrezi | murgh_jalfrezi,nonveg_main,chicken,chicken_jalfrezi,1,
DUPLICATE - approve a name to merge,bangalore,chicken|kadai,,kadai_chicken | kadai_murgh | kadhai_chicken,nonveg_main,chicken,kadhai_chicken,2,
DUPLICATE - approve a name to merge,bangalore,chicken|kolhapuri,,chicken_kolhapuri | murgh_kolhapuri,nonveg_main,chicken,chicken_kolhapuri,1,
DUPLICATE - approve a name to merge,bangalore,chicken|korma|shahi,,shahi_chicken_korma | shahi_murgh_korma,nonveg_main,chicken,shahi_chicken_korma,1,
DUPLICATE - approve a name to merge,bangalore,chicken|lababdar,,chicken_lababdar | murgh_lababdar,nonveg_main,chicken,chicken_lababdar,1,
DUPLICATE - approve a name to merge,bangalore,chicken|lahori,,chicken_lahori | lahori_murgh,nonveg_main,chicken,chicken_lahori,1,
DUPLICATE - approve a name to merge,bangalore,chicken|malai,curry,malai_chicken_curry | murgh_malai_curry,nonveg_main,chicken,malai_chicken_curry,1,
DUPLICATE - approve a name to merge,bangalore,chicken|methi,,methi_chicken | murgh_methi,nonveg_main,chicken,methi_chicken,1,
DUPLICATE - approve a name to merge,bangalore,chicken|nadan,curry,nadan_chicken_curry | nadan_kozhi_curry,nonveg_main,chicken,nadan_chicken_curry,1,
DUPLICATE - approve a name to merge,bangalore,chicken|nizami,,murgh_nizami | nizami_murgh,nonveg_main,chicken,murgh_nizami,1,
DUPLICATE - approve a name to merge,bangalore,chicken|palak,,murgh_palak | palak_chicken,nonveg_main,chicken,palak_chicken,1,
DUPLICATE - approve a name to merge,bangalore,chicken|pepper,,chicken_kali_mirch | chicken_pepper | murgh_kalimirchi | pepper_chicken,nonveg_main,chicken,chicken_kali_mirch,3,
DUPLICATE - approve a name to merge,bangalore,chicken|pepper,fry,chicken_pepper_fry | pepper_chicken_fry,nonveg_main,chicken,chicken_pepper_fry,1,
DUPLICATE - approve a name to merge,bangalore,chicken|pepper,masala,chicken_pepper_masala | pepper_chicken_masala,nonveg_main,chicken,chicken_pepper_masala,1,
DUPLICATE - approve a name to merge,bangalore,chicken|peshawari,,chicken_peshawari | peshawari_chicken,nonveg_main,chicken,chicken_peshawari,1,
DUPLICATE - approve a name to merge,bangalore,chicken|punjabi,masala,punjabi_chicken_masala | punjabi_murgh_masala,nonveg_main,chicken,punjabi_chicken_masala,1,
DUPLICATE - approve a name to merge,bangalore,chicken|razala,,chicken_rezala | chicken_rezalla | murgh_razala | murgh_razeela | murgh_rezalla,nonveg_main,chicken,chicken_rezalla,4,
DUPLICATE - approve a name to merge,bangalore,chicken|saagwala,,chicken_saagwala | murgh_saagwala,nonveg_main,chicken,chicken_saagwala,1,
DUPLICATE - approve a name to merge,bangalore,chicken|tawa,masala,chicken_tawa_masala | murgh_tawa_masala,nonveg_main,chicken,chicken_tawa_masala,1,
DUPLICATE - approve a name to merge,bangalore,chicken|varutharacha,curry,kozi_varutharacha_curry | varutharacha_chicken_curry,nonveg_main,chicken,varutharacha_chicken_curry,1,
DUPLICATE - approve a name to merge,bangalore,chilli|juice|pineapple,,chilli_pineapple_juice | pineapple_chilli_juice,welcome_drink,(blank),chilli_pineapple_juice,1,
DUPLICATE - approve a name to merge,bangalore,chocolate|cream|ice,,chocolate_ice_cream | ice_cream_chocolate,dessert,(blank),chocolate_ice_cream,1,
DUPLICATE - approve a name to merge,bangalore,chole|punjabi,,chole_punjabi | punjabi_chole,veg_gravy,chickpea,chole_punjabi,1,
DUPLICATE - approve a name to merge,bangalore,clear|veg,soup,clear_veg_soup | veg_clear_soup,soup,(blank),clear_veg_soup,1,
DUPLICATE - approve a name to merge,bangalore,coin|paratha|wheat,,coin_wheat_paratha | wheat_coin_paratha,bread,(blank),coin_wheat_paratha,1,
DUPLICATE - approve a name to merge,bangalore,cooler|lime|mint,,lime_mint_cooler | mint_lime_cooler,welcome_drink,(blank),lime_mint_cooler,1,
DUPLICATE - approve a name to merge,bangalore,corn|malai|methi,,corn_methi_malai | methi_malai_corn,veg_gravy,(blank),corn_methi_malai,1,
DUPLICATE - approve a name to merge,bangalore,corn|mushroom,curry,corn_mushroom_curry | mushroom_corn_curry,veg_gravy,mushroom,corn_mushroom_curry,1,
DUPLICATE - approve a name to merge,bangalore,cream|cup|ice|vanilla,,vanilla_cup_ice_cream | vanilla_ice_cream_cup,dessert,(blank),vanilla_cup_ice_cream,1,
DUPLICATE - approve a name to merge,bangalore,cream|ice|mango,,ice_cream_mango | mango_ice_cream,dessert,(blank),ice_cream_mango,1,
DUPLICATE - approve a name to merge,bangalore,cream|ice|vanilla,,ice_cream_vanilla | vanilla_ice_cream,dessert,(blank),ice_cream_vanilla,1,
DUPLICATE - approve a name to merge,bangalore,cucumber|tomato,salad,cucumber_tomato_salad | tomato_cucumber_salad,salad,(blank),cucumber_tomato_salad,1,
DUPLICATE - approve a name to merge,bangalore,dal|gujarati,,dal_gujarati | gujarati_dal,dal,toor_dal,dal_gujarati,1,
DUPLICATE - approve a name to merge,bangalore,dal|jaipuri,,dal_jaipuri | jaipuri_dal,dal,toor_dal,dal_jaipuri,1,
DUPLICATE - approve a name to merge,bangalore,dal|kaali,,dal_kaali | kaali_dal,dal,toor_dal,dal_kaali,1,
DUPLICATE - approve a name to merge,bangalore,dal|lasooni,,dal_lasooni | lasooni_dal,dal,toor_dal,dal_lasooni,1,
DUPLICATE - approve a name to merge,bangalore,dal|lehsooni,,dal_lehsooni | lehsooni_dal,dal,(blank),dal_lehsooni,1,
DUPLICATE - approve a name to merge,bangalore,dal|lehsuni,,dal_lehsuni | lehsuni_dal,dal,(blank),dal_lehsuni,1,
DUPLICATE - approve a name to merge,bangalore,dal|methi,,dal_methi | methi_dal,dal,toor_dal,dal_methi,1,
DUPLICATE - approve a name to merge,bangalore,dal|palak,,dal_palak | palak_dal,dal,toor_dal,dal_palak,1,
DUPLICATE - approve a name to merge,bangalore,dal|palak,fry,dal_palak_fry | palak_dal_fry,dal,toor_dal,dal_palak_fry,1,
DUPLICATE - approve a name to merge,bangalore,dal|panchmel,,dal_panchmel | panchmel_dal,dal,mixed_dal,dal_panchmel,1,
DUPLICATE - approve a name to merge,bangalore,dal|tamatar,,dal_tamatar | tamatar_dal,dal,toor_dal,dal_tamatar,1,
DUPLICATE - approve a name to merge,bangalore,dal|tomato,fry,dal_tomato_fry | tomato_dal_fry,dal,toor_dal,dal_tomato_fry,1,
DUPLICATE - approve a name to merge,bangalore,dhabe|egg|wali,curry,dhabe_wali_anda_curry | dhabe_wali_egg_curry,nonveg_main,egg,dhabe_wali_egg_curry,1,
DUPLICATE - approve a name to merge,bangalore,dindigul|veg,biryani,dindigul_veg_biryani | veg_dindigul_biryani,rice,(blank),dindigul_veg_biryani,1,
DUPLICATE - approve a name to merge,bangalore,donne|veg,biryani,donne_veg_biryani | veg_donne_biryani,rice,(blank),donne_veg_biryani,1,
DUPLICATE - approve a name to merge,bangalore,dopyaza|egg,,egg_do_pyaz | egg_do_pyaza,nonveg_main,egg,egg_do_pyaza,1,
DUPLICATE - approve a name to merge,bangalore,dopyaza|paneer,,paneer_do_pyaza | paneer_dopyaza,veg_gravy,paneer,paneer_do_pyaza,1,
DUPLICATE - approve a name to merge,bangalore,drink|lemon|pudina,,lemon_pudina_drink | pudina_lemon_drink,welcome_drink,(blank),lemon_pudina_drink,1,
DUPLICATE - approve a name to merge,bangalore,drumstick|mango|raw|sambar,,drumstick_raw_mango_sambar | raw_mango_drumstick_sambar,sambar,(blank),drumstick_raw_mango_sambar,1,
DUPLICATE - approve a name to merge,bangalore,dum|veg,biryani,dum_veg_biryani | veg_dum_biryani,rice,(blank),dum_veg_biryani,1,
DUPLICATE - approve a name to merge,bangalore,egg,masala,egg_masala | kodi_guddu_masala,nonveg_main,egg,egg_masala,1,
DUPLICATE - approve a name to merge,bangalore,egg|fried,masala,anda_fried_masala | egg_fried_masala | fried_anda_masala,nonveg_main,egg,egg_fried_masala,2,
DUPLICATE - approve a name to merge,bangalore,egg|hariyali,curry,harayali_egg_curry | hariyali_egg_curry,nonveg_main,egg,harayali_egg_curry,1,
DUPLICATE - approve a name to merge,bangalore,egg|kadai,,egg_kadai | egg_kadhai | kadai_egg,nonveg_main,egg,egg_kadhai,2,
DUPLICATE - approve a name to merge,bangalore,egg|kolhapuri,curry,egg_kolhapuri_curry | kolhapuri_egg_curry,nonveg_main,egg,egg_kolhapuri_curry,1,
DUPLICATE - approve a name to merge,bangalore,egg|kurma,,anda_kurma | egg_kurma,nonveg_main,egg,egg_kurma,1,
DUPLICATE - approve a name to merge,bangalore,egg|methi,masala,egg_methi_masala | methi_egg_masala,nonveg_main,egg,egg_methi_masala,1,
DUPLICATE - approve a name to merge,bangalore,egg|pepper,dry,egg_pepper_dry | pepper_egg_dry,nonveg_main,egg,egg_pepper_dry,1,
DUPLICATE - approve a name to merge,bangalore,egg|punjabi,curry,punjabi_anda_curry | punjabi_egg_curry,nonveg_main,egg,punjabi_egg_curry,1,
DUPLICATE - approve a name to merge,bangalore,egg|tawa,masala,anda_tawa_masala | tawa_anda_masala,nonveg_main,egg,anda_tawa_masala,1,
DUPLICATE - approve a name to merge,bangalore,fried|garlic|veg,rice,garlic_veg_fried_rice | veg_garlic_fried_rice,rice,(blank),garlic_veg_fried_rice,1,
DUPLICATE - approve a name to merge,bangalore,garlic|kulcha|tawa,,garlic_tawa_kulcha | tawa_garlic_kulcha,bread,(blank),garlic_tawa_kulcha,1,
DUPLICATE - approve a name to merge,bangalore,ginger|lemon|rasam,,ginger_lemon_rasam | lemon_ginger_rasam,rasam,(blank),ginger_lemon_rasam,1,
DUPLICATE - approve a name to merge,bangalore,hotsour|paneer|sesame,,hot_and_sour_sesame_paneer | sesame_hot_and_sour_paneer,veg_gravy,paneer,hot_and_sour_sesame_paneer,1,
DUPLICATE - approve a name to merge,bangalore,hyderabadi|veg,biryani,hyderabadi_veg_biryani | veg_hyderabadi_biryani,rice,(blank),hyderabadi_veg_biryani,1,
DUPLICATE - approve a name to merge,bangalore,hyderabadi|veg,curry,hyderabadi_veg_curry | veg_hyderabadi_curry,veg_gravy,(blank),hyderabadi_veg_curry,1,
DUPLICATE - approve a name to merge,bangalore,hyd|veg,biryani,hyd_veg_biryani | veg_hyd_biryani,rice,(blank),hyd_veg_biryani,1,
DUPLICATE - approve a name to merge,bangalore,jeera|pepper|rasam,,jeera_pepper_rasam | pepper_jeera_rasam,rasam,(blank),jeera_pepper_rasam,1,
DUPLICATE - approve a name to merge,bangalore,kadai|mushroom,,kadai_mushroom | kadhai_mushroom,veg_gravy,mushroom,kadhai_mushroom,1,
DUPLICATE - approve a name to merge,bangalore,kadai|paneer,,kadai_paneer | kadhai_paneer,veg_gravy,paneer,kadhai_paneer,1,
DUPLICATE - approve a name to merge,bangalore,kadhi|lauki|pakodi,,lauki_kadhi_pakodi | lauki_pakodi_kadhi,veg_gravy,(blank),lauki_kadhi_pakodi,1,
DUPLICATE - approve a name to merge,bangalore,kadhi|pakodi|punjabi,,punjabi_kadhi_pakodi | punjabi_pakodi_kadhi,veg_gravy,(blank),punjabi_kadhi_pakodi,1,
DUPLICATE - approve a name to merge,bangalore,korma|shahi|veg,,shahi_veg_korma | veg_shahi_korma,veg_gravy,(blank),shahi_veg_korma,1,
DUPLICATE - approve a name to merge,bangalore,kurma|nilgiri|veg,,nilgiri_veg_kurma | veg_nilgiri_kurma,veg_gravy,(blank),nilgiri_veg_kurma,1,
DUPLICATE - approve a name to merge,bangalore,makhani|subz,,subz_makhani | subz_makhni,veg_gravy,(blank),subz_makhani,1,
DUPLICATE - approve a name to merge,bangalore,masoor|moong|tadka,,masoor_moong_tadka | moong_masoor_tadka,dal,moong_dal,masoor_moong_tadka,1,
DUPLICATE - approve a name to merge,bangalore,miloni|subz,dry,miloni_subz_dry | subz_miloni_dry,veg_dry,(blank),miloni_subz_dry,1,
DUPLICATE - approve a name to merge,bangalore,mughlai|veg,biryani,mughlai_veg_biryani | veg_mughlai_biryani,rice,(blank),mughlai_veg_biryani,1,
DUPLICATE - approve a name to merge,bangalore,mutter|paneer,,mutter_paneer | paneer_mutter,veg_gravy,paneer,mutter_paneer,1,
DUPLICATE - approve a name to merge,bangalore,noodles|paneer|schezwan,,paneer_schezwan_noodles | schezwan_paneer_noodles,rice,paneer,paneer_schezwan_noodles,1,
DUPLICATE - approve a name to merge,bangalore,noodles|schezwan|veg,,schezwan_veg_noodles | veg_schezwan_noodles,rice,(blank),schezwan_veg_noodles,1,
DUPLICATE - approve a name to merge,bangalore,paneer|saagwala,,paneer_saagwala | saagwala_paneer,veg_gravy,paneer,paneer_saagwala,1,
DUPLICATE - approve a name to merge,bangalore,pepper|rasam,,kali_mirch_rasam | pepper_rasam,rasam,(blank),kali_mirch_rasam,1,
DUPLICATE - approve a name to merge,bangalore,thalapakatti|veg,biryani,thalapakatti_veg_biryani | veg_thalapakatti_biryani,rice,(blank),thalapakatti_veg_biryani,1,
DUPLICATE - approve a name to merge,chennai,chana|samosa,,chana_samosa | samosa_chana,starter,chickpea,chana_samosa,1,
DUPLICATE - approve a name to merge,chennai,chicken|kuzhambu,,chicken_kuzhambu | kozhi_kuzhambu,nonveg_main,chicken,chicken_kuzhambu,1,
DUPLICATE - approve a name to merge,chennai,dosai|podi,,dosai_podi | podi_dosai,bread,(blank),dosai_podi,1,
DUPLICATE - approve a name to merge,hyderabad,achari|bhindi,,achari_bhindi | bhindi_achari,veg_dry,(blank),achari_bhindi,1,
DUPLICATE - approve a name to merge,hyderabad,adraki|dal,,adraki_dal | dal_adraki,dal,toor_dal,adraki_dal,1,
DUPLICATE - approve a name to merge,hyderabad,afghani|paneer,,afghani_paneer | paneer_afghani,veg_gravy,paneer,afghani_paneer,1,
DUPLICATE - approve a name to merge,hyderabad,aloo|banarasi|dum,,aloo_dum_banarasi | dum_aloo_banarasi,veg_gravy,(blank),aloo_dum_banarasi,1,
DUPLICATE - approve a name to merge,hyderabad,aloo|drumstick|sambar,,aloo_drumstick_sambar | drumstick_aloo_sambar,sambar,(blank),aloo_drumstick_sambar,1,
DUPLICATE - approve a name to merge,hyderabad,aloo|dum,,aloo_dum | dum_aloo,veg_gravy,(blank),aloo_dum,1,
DUPLICATE - approve a name to merge,hyderabad,aloo|dum|kashmiri,,dum_aloo_kashmiri | kashmiri_dum_aloo,veg_gravy,(blank),dum_aloo_kashmiri,1,
DUPLICATE - approve a name to merge,hyderabad,aloo|gobi|mutter,,aloo_gobi_mutter | gobi_aloo_mutter,veg_dry,(blank),aloo_gobi_mutter,1,
DUPLICATE - approve a name to merge,hyderabad,aloo|methi,dry,aloo_methi_dry | methi_aloo_dry,veg_dry,(blank),aloo_methi_dry,1,
DUPLICATE - approve a name to merge,hyderabad,aloo|mutter,,aloo_mutter | mutter_aloo,veg_gravy,(blank),aloo_mutter,1,
DUPLICATE - approve a name to merge,hyderabad,ambur|veg,biryani,ambur_veg_biryani | veg_ambur_biryani,rice,(blank),ambur_veg_biryani,1,
DUPLICATE - approve a name to merge,hyderabad,amritsari|chicken,,amritsari_chicken | chicken_amritsari,nonveg_main,chicken,amritsari_chicken,1,
DUPLICATE - approve a name to merge,hyderabad,amritsari|dal,,amritsari_dal | dal_amritsari,dal,(blank),amritsari_dal,1,
DUPLICATE - approve a name to merge,hyderabad,andhra|chicken,curry,andhra_chicken_curry | andhra_kodi_curry,nonveg_main,chicken,andhra_chicken_curry,1,
DUPLICATE - approve a name to merge,hyderabad,and|beetroot|cucumber,salad,beetroot_and_cucumber_salad | cucumber_and_beetroot_salad,salad,(blank),beetroot_and_cucumber_salad,1,
DUPLICATE - approve a name to merge,hyderabad,and|corn|fried|onion|spring,rice,corn_and_spring_onion_fried_rice | spring_onion_and_corn_fried_rice,rice,(blank),corn_and_spring_onion_fried_rice,1,
DUPLICATE - approve a name to merge,hyderabad,and|cucumber|lemon|onion,salad,cucumber_onion_and_lemon_salad | onion_cucumber_and_lemon_salad | onion_lemon_and_cucumber_salad,salad,(blank),cucumber_onion_and_lemon_salad,2,
DUPLICATE - approve a name to merge,hyderabad,awadhi|chicken|korma,,awadhi_murgh_korma | murgh_awadhi_korma,nonveg_main,chicken,awadhi_murgh_korma,1,
DUPLICATE - approve a name to merge,hyderabad,beans|carrot|poriyal,,beans_carrot_poriyal | carrot_beans_poriyal,veg_dry,(blank),beans_carrot_poriyal,1,
DUPLICATE - approve a name to merge,hyderabad,beetroot|carrot|cucumber,salad,carrot_beetroot_cucumber_salad | cucumber_carrot_beetroot_salad,salad,(blank),carrot_beetroot_cucumber_salad,1,
DUPLICATE - approve a name to merge,hyderabad,bhindi|kurkure,,bhindi_kurkure | kurkure_bhindi,veg_dry,(blank),bhindi_kurkure,1,
DUPLICATE - approve a name to merge,hyderabad,bhuna|chicken,masala,bhuna_chicken_masala | bhuna_murgh_masala | chicken_bhuna_masala,nonveg_main,chicken,bhuna_chicken_masala,2,
DUPLICATE - approve a name to merge,hyderabad,bhuna|egg,masala,anda_bhuna_masala | bhuna_anda_masala | egg_bhuna_masala,nonveg_main,egg,egg_bhuna_masala,2,
DUPLICATE - approve a name to merge,hyderabad,butter|chicken,masala,butter_chicken_masala | chicken_butter_masala,nonveg_main,chicken,butter_chicken_masala,1,
DUPLICATE - approve a name to merge,hyderabad,butter|naan|tawa,,butter_tawa_naan | tawa_butter_naan,bread,(blank),butter_tawa_naan,1,
DUPLICATE - approve a name to merge,hyderabad,cabbage|carrot|palya,,cabbage_carrot_palya | carrot_cabbage_palya,veg_dry,(blank),cabbage_carrot_palya,1,
DUPLICATE - approve a name to merge,hyderabad,capsicum|corn,masala,capsicum_corn_masala | corn_capsicum_masala,veg_gravy,(blank),capsicum_corn_masala,1,
DUPLICATE - approve a name to merge,hyderabad,chaat|dahi|samosa,,dahi_samosa_chaat | samosa_dahi_chaat,starter,yogurt,dahi_samosa_chaat,1,
DUPLICATE - approve a name to merge,hyderabad,chana|dal,masala,chana_dal_masala | dal_chana_masala,dal,chana_dal,chana_dal_masala,1,
DUPLICATE - approve a name to merge,hyderabad,chettinad|chicken,,chettinad_chicken | chicken_chettinad,nonveg_main,chicken,chettinad_chicken,1,
DUPLICATE - approve a name to merge,hyderabad,chettinad|chicken,curry,chettinad_chicken_curry | chicken_chettinad_curry,nonveg_main,chicken,chettinad_chicken_curry,1,
DUPLICATE - approve a name to merge,hyderabad,chettinad|paneer,,chettinad_paneer | paneer_chettinad,veg_gravy,paneer,chettinad_paneer,1,
DUPLICATE - approve a name to merge,hyderabad,chettinad|veg,biryani,chettinad_veg_biryani | veg_chettinad_biryani,rice,(blank),chettinad_veg_biryani,1,
DUPLICATE - approve a name to merge,hyderabad,chicken,curry,chicken_curry | kukkad_curry,nonveg_main,chicken,chicken_curry,1,
DUPLICATE - approve a name to merge,hyderabad,chicken|chilli,,chicken_chilli | chilli_chicken,nonveg_main,chicken,chicken_chilli,1,
DUPLICATE - approve a name to merge,hyderabad,chicken|coconut,curry,chicken_coconut_curry | coconut_chicken_curry,nonveg_main,chicken,chicken_coconut_curry,1,
DUPLICATE - approve a name to merge,hyderabad,chicken|dhaba,,dhaba_murgh | murgh_dhaba,nonveg_main,chicken,dhaba_murgh,1,
DUPLICATE - approve a name to merge,hyderabad,chicken|donne,biryani,chicken_donne_biryani | donne_chicken_biryani,nonveg_main,chicken,chicken_donne_biryani,1,
DUPLICATE - approve a name to merge,hyderabad,chicken|dopyaza,,chicken_do_pyaza | murgh_do_pyaza,nonveg_main,chicken,chicken_do_pyaza,1,
DUPLICATE - approve a name to merge,hyderabad,chicken|dum,biryani,dum_chicken_biryani | murgh_dum_biryani,nonveg_main,chicken,dum_chicken_biryani,1,
DUPLICATE - approve a name to merge,hyderabad,chicken|dum|hyd,biryani,hyd_chicken_dum_biryani | hyd_dum_chicken_biryani,nonveg_main,chicken,hyd_chicken_dum_biryani,1,
DUPLICATE - approve a name to merge,hyderabad,chicken|dum|ka,,dum_ka_chicken | dum_ka_murgh,nonveg_main,chicken,dum_ka_chicken,1,
DUPLICATE - approve a name to merge,hyderabad,chicken|handi,,chicken_handi | handi_murgh,nonveg_main,chicken,chicken_handi,1,
DUPLICATE - approve a name to merge,hyderabad,chicken|hariyali,,chicken_hariyali | hariyali_chicken,nonveg_main,chicken,chicken_hariyali,1,
DUPLICATE - approve a name to merge,hyderabad,chicken|hariyali,curry,harayali_chicken_curry | hariyali_chicken_curry,nonveg_main,chicken,harayali_chicken_curry,1,
DUPLICATE - approve a name to merge,hyderabad,chicken|hariyali,masala,hariyali_chicken_masala | hariyali_murgh_masala | haryali_chicken_masala,nonveg_main,chicken,hariyali_chicken_masala,2,
DUPLICATE - approve a name to merge,hyderabad,chicken|hariyali,tikka,hariyali_chicken_tikka | murgh_haryali_tikka,nonveg_main,chicken,hariyali_chicken_tikka,1,
DUPLICATE - approve a name to merge,hyderabad,chicken|hotsour,,chicken_hot_and_sour | hot_and_sour_chicken,nonveg_soup,chicken,chicken_hot_and_sour,1,
DUPLICATE - approve a name to merge,hyderabad,chicken|hyderabadi|korma,,hyderabadi_chicken_korma | hyderabadi_murgh_korma,nonveg_main,chicken,hyderabadi_chicken_korma,1,
DUPLICATE - approve a name to merge,hyderabad,chicken|jalfrezi,,chicken_jalfrezi | murgh_jalfrezi,nonveg_main,chicken,chicken_jalfrezi,1,
DUPLICATE - approve a name to merge,hyderabad,chicken|kadai,,kadai_chicken | kadai_murgh | kadhai_chicken,nonveg_main,chicken,kadhai_chicken,2,
DUPLICATE - approve a name to merge,hyderabad,chicken|kolhapuri,,chicken_kolhapuri | murgh_kolhapuri,nonveg_main,chicken,chicken_kolhapuri,1,
DUPLICATE - approve a name to merge,hyderabad,chicken|korma|shahi,,shahi_chicken_korma | shahi_murgh_korma,nonveg_main,chicken,shahi_chicken_korma,1,
DUPLICATE - approve a name to merge,hyderabad,chicken|kosha,,chicken_kosha | kosha_murgir,nonveg_main,chicken,chicken_kosha,1,
DUPLICATE - approve a name to merge,hyderabad,chicken|lababdar,,chicken_lababdar | murgh_lababdar,nonveg_main,chicken,chicken_lababdar,1,
DUPLICATE - approve a name to merge,hyderabad,chicken|lahori,,chicken_lahori | lahori_murgh,nonveg_main,chicken,chicken_lahori,1,
DUPLICATE - approve a name to merge,hyderabad,chicken|malai,curry,malai_chicken_curry | murgh_malai_curry,nonveg_main,chicken,malai_chicken_curry,1,
DUPLICATE - approve a name to merge,hyderabad,chicken|methi,,methi_chicken | murgh_methi,nonveg_main,chicken,methi_chicken,1,
DUPLICATE - approve a name to merge,hyderabad,chicken|nadan,curry,nadan_chicken_curry | nadan_kozhi_curry,nonveg_main,chicken,nadan_chicken_curry,1,
DUPLICATE - approve a name to merge,hyderabad,chicken|nizami,,murgh_nizami | nizami_murgh,nonveg_main,chicken,murgh_nizami,1,
DUPLICATE - approve a name to merge,hyderabad,chicken|palak,,murgh_palak | palak_chicken | palak_murgh,nonveg_main,chicken,palak_chicken,2,
DUPLICATE - approve a name to merge,hyderabad,chicken|pepper,,chicken_kali_mirch | chicken_pepper | murgh_kalimirchi | pepper_chicken,nonveg_main,chicken,chicken_kali_mirch,3,
DUPLICATE - approve a name to merge,hyderabad,chicken|pepper,fry,chicken_pepper_fry | pepper_chicken_fry,nonveg_main,chicken,chicken_pepper_fry,1,
DUPLICATE - approve a name to merge,hyderabad,chicken|pepper,masala,chicken_pepper_masala | pepper_chicken_masala,nonveg_main,chicken,chicken_pepper_masala,1,
DUPLICATE - approve a name to merge,hyderabad,chicken|peshawari,,chicken_peshawari | peshawari_chicken,nonveg_main,chicken,chicken_peshawari,1,
DUPLICATE - approve a name to merge,hyderabad,chicken|punjabi,masala,punjabi_chicken_masala | punjabi_murgh_masala,nonveg_main,chicken,punjabi_chicken_masala,1,
DUPLICATE - approve a name to merge,hyderabad,chicken|razala,,chicken_rezala | chicken_rezalla | murgh_razala | murgh_razeela | murgh_rezalla,nonveg_main,chicken,chicken_rezalla,4,
DUPLICATE - approve a name to merge,hyderabad,chicken|saagwala,,chicken_saagwala | murgh_saagwala,nonveg_main,chicken,chicken_saagwala,1,
DUPLICATE - approve a name to merge,hyderabad,chicken|tandoori,,tandoori_chicken | tandoori_murgh,nonveg_main,chicken,tandoori_chicken,1,
DUPLICATE - approve a name to merge,hyderabad,chicken|tawa,masala,chicken_tawa_masala | murgh_tawa_masala,nonveg_main,chicken,chicken_tawa_masala,1,
DUPLICATE - approve a name to merge,hyderabad,chicken|varutharacha,curry,kozi_varutharacha_curry | varutharacha_chicken_curry,nonveg_main,chicken,varutharacha_chicken_curry,1,
DUPLICATE - approve a name to merge,hyderabad,chilli|juice|pineapple,,chilli_pineapple_juice | pineapple_chilli_juice,welcome_drink,(blank),chilli_pineapple_juice,1,
DUPLICATE - approve a name to merge,hyderabad,chocolate|cream|ice,,chocolate_ice_cream | ice_cream_chocolate,dessert,(blank),chocolate_ice_cream,1,
DUPLICATE - approve a name to merge,hyderabad,chole|punjabi,,chole_punjabi | punjabi_chole,veg_gravy,chickpea,chole_punjabi,1,
DUPLICATE - approve a name to merge,hyderabad,clear|veg,soup,clear_veg_soup | veg_clear_soup,soup,(blank),clear_veg_soup,1,
DUPLICATE - approve a name to merge,hyderabad,coin|paratha|wheat,,coin_wheat_paratha | wheat_coin_paratha,bread,(blank),coin_wheat_paratha,1,
DUPLICATE - approve a name to merge,hyderabad,cooler|lime|mint,,lime_mint_cooler | mint_lime_cooler,welcome_drink,(blank),lime_mint_cooler,1,
DUPLICATE - approve a name to merge,hyderabad,corn|malai|methi,,corn_methi_malai | methi_malai_corn,veg_gravy,(blank),corn_methi_malai,1,
DUPLICATE - approve a name to merge,hyderabad,corn|mushroom,curry,corn_mushroom_curry | mushroom_corn_curry,veg_gravy,mushroom,corn_mushroom_curry,1,
DUPLICATE - approve a name to merge,hyderabad,cream|cup|ice|vanilla,,vanilla_cup_ice_cream | vanilla_ice_cream_cup,dessert,(blank),vanilla_cup_ice_cream,1,
DUPLICATE - approve a name to merge,hyderabad,cream|ice|mango,,ice_cream_mango | mango_ice_cream,dessert,(blank),ice_cream_mango,1,
DUPLICATE - approve a name to merge,hyderabad,cream|ice|vanilla,,ice_cream_vanilla | vanilla_ice_cream,dessert,(blank),ice_cream_vanilla,1,
DUPLICATE - approve a name to merge,hyderabad,cucumber|tomato,salad,cucumber_tomato_salad | tomato_cucumber_salad,salad,(blank),cucumber_tomato_salad,1,
DUPLICATE - approve a name to merge,hyderabad,dal|gujarati,,dal_gujarati | gujarati_dal,dal,toor_dal,dal_gujarati,1,
DUPLICATE - approve a name to merge,hyderabad,dal|jaipuri,,dal_jaipuri | jaipuri_dal,dal,toor_dal,dal_jaipuri,1,
DUPLICATE - approve a name to merge,hyderabad,dal|kaali,,dal_kaali | kaali_dal,dal,toor_dal,dal_kaali,1,
DUPLICATE - approve a name to merge,hyderabad,dal|lasooni,,dal_lasooni | lasooni_dal,dal,toor_dal,dal_lasooni,1,
DUPLICATE - approve a name to merge,hyderabad,dal|lehsooni,,dal_lehsooni | lehsooni_dal,dal,(blank),dal_lehsooni,1,
DUPLICATE - approve a name to merge,hyderabad,dal|lehsuni,,dal_lehsuni | lehsuni_dal,dal,(blank),dal_lehsuni,1,
DUPLICATE - approve a name to merge,hyderabad,dal|methi,,dal_methi | methi_dal,dal,toor_dal,dal_methi,1,
DUPLICATE - approve a name to merge,hyderabad,dal|palak,,dal_palak | palak_dal,dal,toor_dal,dal_palak,1,
DUPLICATE - approve a name to merge,hyderabad,dal|palak,fry,dal_palak_fry | palak_dal_fry,dal,toor_dal,dal_palak_fry,1,
DUPLICATE - approve a name to merge,hyderabad,dal|panchmel,,dal_panchmel | panchmel_dal,dal,mixed_dal,dal_panchmel,1,
DUPLICATE - approve a name to merge,hyderabad,dal|tamatar,,dal_tamatar | tamatar_dal,dal,toor_dal,dal_tamatar,1,
DUPLICATE - approve a name to merge,hyderabad,dal|tomato,fry,dal_tomato_fry | tomato_dal_fry,dal,toor_dal,dal_tomato_fry,1,
DUPLICATE - approve a name to merge,hyderabad,dhabe|egg|wali,curry,dhabe_wali_anda_curry | dhabe_wali_egg_curry,nonveg_main,egg,dhabe_wali_egg_curry,1,
DUPLICATE - approve a name to merge,hyderabad,dindigul|veg,biryani,dindigul_veg_biryani | veg_dindigul_biryani,rice,(blank),dindigul_veg_biryani,1,
DUPLICATE - approve a name to merge,hyderabad,donne|veg,biryani,donne_veg_biryani | veg_donne_biryani,rice,(blank),donne_veg_biryani,1,
DUPLICATE - approve a name to merge,hyderabad,dopyaza|egg,,egg_do_pyaz | egg_do_pyaza,nonveg_main,egg,egg_do_pyaza,1,
DUPLICATE - approve a name to merge,hyderabad,dopyaza|paneer,,paneer_do_pyaza | paneer_dopyaza,veg_gravy,paneer,paneer_do_pyaza,1,
DUPLICATE - approve a name to merge,hyderabad,drink|lemon|pudina,,lemon_pudina_drink | pudina_lemon_drink,welcome_drink,(blank),lemon_pudina_drink,1,
DUPLICATE - approve a name to merge,hyderabad,drumstick|mango|raw|sambar,,drumstick_raw_mango_sambar | raw_mango_drumstick_sambar,sambar,(blank),drumstick_raw_mango_sambar,1,
DUPLICATE - approve a name to merge,hyderabad,dum|veg,biryani,dum_veg_biryani | veg_dum_biryani,rice,(blank),dum_veg_biryani,1,
DUPLICATE - approve a name to merge,hyderabad,egg,masala,egg_masala | kodi_guddu_masala,nonveg_main,egg,egg_masala,1,
DUPLICATE - approve a name to merge,hyderabad,egg|fried,masala,anda_fried_masala | egg_fried_masala | fried_anda_masala,nonveg_main,egg,egg_fried_masala,2,
DUPLICATE - approve a name to merge,hyderabad,egg|hariyali,curry,harayali_egg_curry | hariyali_egg_curry,nonveg_main,egg,harayali_egg_curry,1,
DUPLICATE - approve a name to merge,hyderabad,egg|kadai,,egg_kadai | egg_kadhai | kadai_egg,nonveg_main,egg,egg_kadhai,2,
DUPLICATE - approve a name to merge,hyderabad,egg|kolhapuri,curry,egg_kolhapuri_curry | kolhapuri_egg_curry,nonveg_main,egg,egg_kolhapuri_curry,1,
DUPLICATE - approve a name to merge,hyderabad,egg|kurma,,anda_kurma | egg_kurma,nonveg_main,egg,egg_kurma,1,
DUPLICATE - approve a name to merge,hyderabad,egg|methi,masala,egg_methi_masala | methi_egg_masala,nonveg_main,egg,egg_methi_masala,1,
DUPLICATE - approve a name to merge,hyderabad,egg|pepper,dry,egg_pepper_dry | pepper_egg_dry,nonveg_main,egg,egg_pepper_dry,1,
DUPLICATE - approve a name to merge,hyderabad,egg|punjabi,curry,punjabi_anda_curry | punjabi_egg_curry,nonveg_main,egg,punjabi_egg_curry,1,
DUPLICATE - approve a name to merge,hyderabad,egg|tawa,masala,anda_tawa_masala | tawa_anda_masala,nonveg_main,egg,anda_tawa_masala,1,
DUPLICATE - approve a name to merge,hyderabad,fried|garlic|veg,rice,garlic_veg_fried_rice | veg_garlic_fried_rice,rice,(blank),garlic_veg_fried_rice,1,
DUPLICATE - approve a name to merge,hyderabad,garlic|kulcha|tawa,,garlic_tawa_kulcha | tawa_garlic_kulcha,bread,(blank),garlic_tawa_kulcha,1,
DUPLICATE - approve a name to merge,hyderabad,ginger|lemon|rasam,,ginger_lemon_rasam | lemon_ginger_rasam,rasam,(blank),ginger_lemon_rasam,1,
DUPLICATE - approve a name to merge,hyderabad,hotsour|paneer|sesame,,hot_and_sour_sesame_paneer | sesame_hot_and_sour_paneer,veg_gravy,paneer,hot_and_sour_sesame_paneer,1,
DUPLICATE - approve a name to merge,hyderabad,hyderabadi|veg,biryani,hyderabadi_veg_biryani | veg_hyderabadi_biryani,rice,(blank),hyderabadi_veg_biryani,1,
DUPLICATE - approve a name to merge,hyderabad,hyderabadi|veg,curry,hyderabadi_veg_curry | veg_hyderabadi_curry,veg_gravy,(blank),hyderabadi_veg_curry,1,
DUPLICATE - approve a name to merge,hyderabad,hyd|veg,biryani,hyd_veg_biryani | veg_hyd_biryani,rice,(blank),hyd_veg_biryani,1,
DUPLICATE - approve a name to merge,hyderabad,jeera|pepper|rasam,,jeera_pepper_rasam | pepper_jeera_rasam,rasam,(blank),jeera_pepper_rasam,1,
DUPLICATE - approve a name to merge,hyderabad,kadai|mushroom,,kadai_mushroom | kadhai_mushroom,veg_gravy,mushroom,kadhai_mushroom,1,
DUPLICATE - approve a name to merge,hyderabad,kadai|paneer,,kadai_paneer | kadhai_paneer,veg_gravy,paneer,kadhai_paneer,1,
DUPLICATE - approve a name to merge,hyderabad,kadhi|lauki|pakodi,,lauki_kadhi_pakodi | lauki_pakodi_kadhi,veg_gravy,(blank),lauki_kadhi_pakodi,1,
DUPLICATE - approve a name to merge,hyderabad,kadhi|pakodi|punjabi,,punjabi_kadhi_pakodi | punjabi_pakodi_kadhi,veg_gravy,(blank),punjabi_kadhi_pakodi,1,
DUPLICATE - approve a name to merge,hyderabad,korma|shahi|veg,,shahi_veg_korma | veg_shahi_korma,veg_gravy,(blank),shahi_veg_korma,1,
DUPLICATE - approve a name to merge,hyderabad,kurma|nilgiri|veg,,nilgiri_veg_kurma | veg_nilgiri_kurma,veg_gravy,(blank),nilgiri_veg_kurma,1,
DUPLICATE - approve a name to merge,hyderabad,makhani|subz,,subz_makhani | subz_makhni,veg_gravy,(blank),subz_makhani,1,
DUPLICATE - approve a name to merge,hyderabad,masoor|moong|tadka,,masoor_moong_tadka | moong_masoor_tadka,dal,moong_dal,masoor_moong_tadka,1,
DUPLICATE - approve a name to merge,hyderabad,miloni|sabzi,,miloni_sabzi | sabzi_miloni,veg_gravy,(blank),miloni_sabzi,1,
DUPLICATE - approve a name to merge,hyderabad,miloni|subz,dry,miloni_subz_dry | subz_miloni_dry,veg_dry,(blank),miloni_subz_dry,1,
DUPLICATE - approve a name to merge,hyderabad,mughlai|veg,biryani,mughlai_veg_biryani | veg_mughlai_biryani,rice,(blank),mughlai_veg_biryani,1,
DUPLICATE - approve a name to merge,hyderabad,mutter|paneer,,mutter_paneer | paneer_mutter,veg_gravy,paneer,mutter_paneer,1,
DUPLICATE - approve a name to merge,hyderabad,noodles|paneer|schezwan,,paneer_schezwan_noodles | schezwan_paneer_noodles,rice,paneer,paneer_schezwan_noodles,1,
DUPLICATE - approve a name to merge,hyderabad,noodles|schezwan|veg,,schezwan_veg_noodles | veg_schezwan_noodles,rice,(blank),schezwan_veg_noodles,1,
DUPLICATE - approve a name to merge,hyderabad,paneer|saagwala,,paneer_saagwala | saagwala_paneer,veg_gravy,paneer,paneer_saagwala,1,
DUPLICATE - approve a name to merge,hyderabad,pepper|rasam,,kali_mirch_rasam | pepper_rasam,rasam,(blank),kali_mirch_rasam,1,
DUPLICATE - approve a name to merge,hyderabad,thalapakatti|veg,biryani,thalapakatti_veg_biryani | veg_thalapakatti_biryani,rice,(blank),thalapakatti_veg_biryani,1,
DUPLICATE - approve a name to merge,ncr,achari|bhindi,masala,achari_bhindi_masala | bhindi_achari_masala,veg_gravy,(blank),achari_bhindi_masala,1,
DUPLICATE - approve a name to merge,ncr,adraki|dhaniya|paneer,,dhaniya_adraki_paneer | paneer_dhaniya_adraki,veg_gravy,paneer,dhaniya_adraki_paneer,1,
DUPLICATE - approve a name to merge,ncr,adraki|rajma,,adraki_rajma | rajma_adraki,dal,kidney_bean,adraki_rajma,1,
DUPLICATE - approve a name to merge,ncr,ajwaini|arbi,,ajwaini_arbi | arbi_ajwaini,veg_gravy,(blank),ajwaini_arbi,1,
DUPLICATE - approve a name to merge,ncr,aloo|dum|kashmiri,,dum_aloo_kashmiri | kashmiri_dum_aloo,veg_gravy,(blank),dum_aloo_kashmiri,1,
DUPLICATE - approve a name to merge,ncr,aloo|jeera,,aloo_jeera | jeera_aloo,veg_dry,(blank),aloo_jeera,1,
DUPLICATE - approve a name to merge,ncr,aloo|parval,,aloo_parval | parval_aloo,veg_gravy,(blank),aloo_parval,1,
DUPLICATE - approve a name to merge,ncr,arhar|dal|hing|tadka,,arhar_hing_tadka_dal | hing_tadka_arhar_dal,dal,toor_dal,arhar_hing_tadka_dal,1,
DUPLICATE - approve a name to merge,ncr,arhar|dal|tadka,,arhar_dal_tadka | dal_tadka_arhar,dal,toor_dal,arhar_dal_tadka,1,
DUPLICATE - approve a name to merge,ncr,bhuna|chicken,,bhuna_chicken | chicken_bhuna,nonveg_main,chicken,bhuna_chicken,1,
DUPLICATE - approve a name to merge,ncr,butter|paneer,,butter_paneer | paneer_butter,veg_gravy,paneer,butter_paneer,1,
DUPLICATE - approve a name to merge,ncr,butter|paneer,masala,butter_paneer_masala | paneer_butter_masala,veg_gravy,paneer,butter_paneer_masala,1,
DUPLICATE - approve a name to merge,ncr,chaap|makhani|soya,,makhni_soya_chaap | soya_chaap_makhani,veg_gravy,soya,soya_chaap_makhani,1,
DUPLICATE - approve a name to merge,ncr,cheese|corn|pineapple,salad,pineapple_cheese_corn_salad | pineapple_corn_cheese_salad,salad,cheese,pineapple_cheese_corn_salad,1,
DUPLICATE - approve a name to merge,ncr,chettinad|chicken,,chettinad_chicken | chicken_chattinad | chicken_chettiand | chicken_chettinad | chicken_chettined,nonveg_main,chicken,chettinad_chicken,4,
DUPLICATE - approve a name to merge,ncr,chicken|handi,,chicken_handi | handi_chicken,nonveg_main,chicken,chicken_handi,1,
DUPLICATE - approve a name to merge,ncr,chicken|hariyali,,chicken_hariyali | haryali_chicken,nonveg_main,chicken,chicken_hariyali,1,
DUPLICATE - approve a name to merge,ncr,chicken|kadai,,chicken_kadhai | kadai_chicken,nonveg_main,chicken,chicken_kadhai,1,
DUPLICATE - approve a name to merge,ncr,chicken|kolhapuri,,chicken_kolhapuri | kolhapuri_chicken,nonveg_main,chicken,chicken_kolhapuri,1,
DUPLICATE - approve a name to merge,ncr,chicken|pepper,,chicken_kali_mirch | chicken_kalimirch,nonveg_main,chicken,chicken_kali_mirch,1,
DUPLICATE - approve a name to merge,ncr,chilli|fried,,fried_chilli | fried_chilly,salad,(blank),fried_chilli,1,
DUPLICATE - approve a name to merge,ncr,cube|green,salad,cube_green_salad | green_cube_salad,salad,(blank),cube_green_salad,1,
DUPLICATE - approve a name to merge,ncr,dal|darbari,,dal_darbari | darbari_dal,dal,(blank),dal_darbari,1,
DUPLICATE - approve a name to merge,ncr,dal|dhaba,,dal_dhaba | dhaba_dal,dal,toor_dal,dal_dhaba,1,
DUPLICATE - approve a name to merge,ncr,dal|lehsuni|tadka,,dal_lehsuni_tadka | lehsuni_dal_tadka,dal,(blank),dal_lehsuni_tadka,1,
DUPLICATE - approve a name to merge,ncr,dal|moong|sabut,,moong_sabut_dal | sabut_moong_dal,dal,moong_dal,moong_sabut_dal,1,
DUPLICATE - approve a name to merge,ncr,dal|mughlai,,dal_mughlai | mughlai_dal,dal,toor_dal,dal_mughlai,1,
DUPLICATE - approve a name to merge,ncr,dal|muradabadi,,dal_muradabadi | muradabadi_dal,dal,(blank),dal_muradabadi,1,
DUPLICATE - approve a name to merge,ncr,dal|panchmel,,dal_panchmel | panchmel_dal,dal,mixed_dal,dal_panchmel,1,
DUPLICATE - approve a name to merge,ncr,dal|punjabi,,dal_punjabi | punjabi_dal,dal,toor_dal,dal_punjabi,1,
DUPLICATE - approve a name to merge,ncr,handi|subz,,handi_subz | subz_handi,veg_gravy,(blank),handi_subz,1,
DUPLICATE - approve a name to merge,ncr,jeera|lauki,,jeera_lauki | lauki_jeera,veg_dry,(blank),jeera_lauki,1,
DUPLICATE - approve a name to merge,ncr,kadai|paneer,,kadai_paneer | paneer_kadai,veg_gravy,paneer,kadai_paneer,1,
DUPLICATE - approve a name to merge,ncr,keema|mutter|soya,,mutter_soya_keema | soya_keema_mutter,veg_dry,soy,mutter_soya_keema,1,
DUPLICATE - approve a name to merge,ncr,khatta|meetha|petha,,khatta_meetha_petha | petha_khatta_meetha,dessert,(blank),khatta_meetha_petha,1,
DUPLICATE - approve a name to merge,ncr,malai|matar|methi,,matar_methi_malai | methi_matar_malai,veg_gravy,green_peas,matar_methi_malai,1,
DUPLICATE - approve a name to merge,ncr,malai|methi|mutter,,methi_malai_mutter | mutter_methi_malai,veg_gravy,(blank),methi_malai_mutter,1,
DUPLICATE - approve a name to merge,ncr,mushroom|mutter,,mushroom_mutter | mutter_mushroom,veg_gravy,mushroom,mushroom_mutter,1,
"MISFILE - needs a verdict, do not merge",bangalore,achari|aloo|tandoori,,achari_tandoori_aloo | tandoori_achari_aloo,starter | veg_dry,(blank),,1,course_type disagrees
"MISFILE - needs a verdict, do not merge",bangalore,baby|chilli|corn,,baby_corn_chilli | chilli_baby_corn,veg_dry | veg_gravy,(blank),,1,course_type disagrees
"MISFILE - needs a verdict, do not merge",bangalore,butter|garlic|vegetables,,butter_garlic_vegetables | garlic_butter_vegetables,healthy_rice | veg_dry,(blank),,1,course_type disagrees
"MISFILE - needs a verdict, do not merge",bangalore,chana|lauki,,chana_lauki | lauki_chana,dal | veg_dry,chickpea,,1,course_type disagrees
"MISFILE - needs a verdict, do not merge",bangalore,curd|millet,rice,curd_millet_rice | millet_curd_rice,healthy_rice | rice,yogurt,,1,course_type disagrees
"MISFILE - needs a verdict, do not merge",bangalore,kadai|veg,,kadai_veg | kadhai_veg,veg_dry | veg_gravy,(blank),,1,course_type disagrees
"MISFILE - needs a verdict, do not merge",bangalore,kolhapuri|veg,,kolhapuri_veg | veg_kolhapuri,veg_dry | veg_gravy,(blank),,1,course_type disagrees
"MISFILE - needs a verdict, do not merge",chennai,sambar|vada,,sambar_vada | vada_sambar,sambar | starter,(blank),,1,course_type disagrees
"MISFILE - needs a verdict, do not merge",hyderabad,achari|aloo|tandoori,,achari_tandoori_aloo | tandoori_achari_aloo,starter | veg_dry,(blank),,1,course_type disagrees
"MISFILE - needs a verdict, do not merge",hyderabad,baby|chilli|corn,,baby_corn_chilli | chilli_baby_corn,veg_dry | veg_gravy,(blank),,1,course_type disagrees
"MISFILE - needs a verdict, do not merge",hyderabad,butter|garlic|vegetables,,butter_garlic_vegetables | garlic_butter_vegetables,healthy_rice | veg_dry,(blank),,1,course_type disagrees
"MISFILE - needs a verdict, do not merge",hyderabad,chana|lauki,,chana_lauki | lauki_chana,dal | veg_dry,chickpea,,1,course_type disagrees
"MISFILE - needs a verdict, do not merge",hyderabad,curd|millet,rice,curd_millet_rice | millet_curd_rice,healthy_rice | rice,yogurt,,1,course_type disagrees
"MISFILE - needs a verdict, do not merge",hyderabad,kadai|veg,,kadai_veg | kadhai_veg,veg_dry | veg_gravy,(blank),,1,course_type disagrees
"MISFILE - needs a verdict, do not merge",hyderabad,kolhapuri|veg,,kolhapuri_veg | veg_kolhapuri,veg_dry | veg_gravy,(blank),,1,course_type disagrees
"MISFILE - needs a verdict, do not merge",ncr,achari|aloo,,achari_aloo | aloo_achari,veg_dry | veg_gravy,(blank),,1,course_type disagrees
"MISFILE - needs a verdict, do not merge",ncr,adraki|gobi,,adraki_gobi | gobi_adraki,veg_dry | veg_gravy,(blank),,1,course_type disagrees
"MISFILE - needs a verdict, do not merge",ncr,aloo|beans,,aloo_beans | beans_aloo,veg_dry | veg_gravy,(blank),,1,course_type disagrees
"MISFILE - needs a verdict, do not merge",ncr,aloo|gobi,masala,aloo_gobi_masala | gobi_aloo_masala,rice | veg_gravy,(blank),,1,course_type disagrees
"MISFILE - needs a verdict, do not merge",ncr,aloo|methi,,aloo_methi | methi_aloo,veg_dry | veg_gravy,(blank),,1,course_type disagrees
"MISFILE - needs a verdict, do not merge",ncr,aloo|tariwala,,aloo_tariwala | tariwala_aloo,veg_dry | veg_gravy,(blank),,1,course_type disagrees
"MISFILE - needs a verdict, do not merge",ncr,laccha|onion,,laccha_onion | onion_laccha,salad | veg_gravy,(blank),,1,course_type disagrees
